unree	-9.96367	VB:unree,VBD:unree,VBG:unreing,VBN:unree,VBZ:unree,JJ:unrey,NN:unree,NNS:unree
iness	-10.37259	VB:iness,VBD:inessed,VBG:inessing,VBN:inessed,VBZ:ines,JJ:inessy,NN:iness,NNS:ines
uness	-10.61739	VB:uness,VBD:unessed,VBG:unessing,VBN:unessed,VBZ:unes,JJ:unessy,NN:uness,NNS:unes
cally	-10.96143	VB:cally,VBD:callyed,VBG:callying,VBN:callyed,VBZ:callys,JJ:cally,NN:cally,NNS:callys
maten	-11.28929	VB:maten,VBD:mated,VBG:matening,VBN:mated,VBZ:matens,JJ:mateny,NN:maten,NNS:matens
unsus	-11.46841	VB:unsus,VBD:unsus,VBG:unsus,VBN:unsus,VBZ:unsus,JJ:unsust,NN:unsust,NNS:unsuses
dente	-11.62071	VB:dente,VBD:dente,VBG:denteing,VBN:dente,VBZ:dente,JJ:dented,NN:dente,NNS:dente
subst	-11.67904	VB:subst,VBD:substed,VBG:substing,VBN:substed,VBZ:subst,JJ:substic,NN:subst,NNS:substs
scont	-11.75683	VB:scont,VBD:scont,VBG:scont,VBN:scont,VBZ:scont,JJ:sconty,NN:scont,NNS:scont
diale	-11.88197	VB:diale,VBD:diales,VBG:diale,VBN:diale,VBZ:diale,JJ:diale,NN:diale,NNS:diale
sness	-11.90028	VB:sness,VBD:snessed,VBG:snessing,VBN:snessed,VBZ:snes,JJ:snessy,NN:sness,NNS:snes
mical	-12.00323	VB:mical,VBD:mical,VBG:mical,VBN:mical,VBZ:micaled,JJ:mical,NN:mical,NNS:mical
eness	-12.08873	VB:eness,VBD:enessed,VBG:enessing,VBN:enessed,VBZ:enes,JJ:enessy,NN:eness,NNS:enes
pante	-12.09879	VB:pante,VBD:pante,VBG:panteing,VBN:pante,VBZ:pante,JJ:panted,NN:pante,NNS:pante
inate	-12.16923	VB:inate,VBD:inat,VBG:inat,VBN:inat,VBZ:inat,JJ:inat,NN:inat,NNS:inat
entic	-12.17290	VB:entic,VBD:enticked,VBG:enticking,VBN:enticked,VBZ:enticks,JJ:enticed,NN:enticed,NNS:enticed
decte	-12.24260	VB:decte,VBD:decte,VBG:decteing,VBN:decte,VBZ:decte,JJ:dected,NN:decte,NNS:decte
exper	-12.34564	VB:exper,VBD:expered,VBG:exper,VBN:exper,VBZ:experes,JJ:exper,NN:exper,NNS:experes
stord	-12.44017	VB:stord,VBD:stord,VBG:stord,VBN:stord,VBZ:stord,JJ:stord,NN:stord,NNS:stords
aphon	-12.49779	VB:aphon,VBD:aphoned,VBG:aphoning,VBN:aphoned,VBZ:aphoned,JJ:aphoned,NN:aphon,NNS:aphoned
mator	-12.50882	VB:mator,VBD:mated,VBG:mating,VBN:mated,VBZ:mates,JJ:matory,NN:mator,NNS:mators
unbal	-12.53910	VB:unbal,VBD:unbal,VBG:unbal,VBN:unbal,VBZ:unbaled,JJ:unbal,NN:unbal,NNS:unbal
gatic	-12.58699	VB:gatic,VBD:gaticked,VBG:gaticking,VBN:gaticked,VBZ:gaticks,JJ:gaticed,NN:gaticed,NNS:gaticed
ratic	-12.58850	VB:ratic,VBD:raticked,VBG:raticking,VBN:raticked,VBZ:raticks,JJ:raticed,NN:raticed,NNS:raticed
remic	-12.60095	VB:remic,VBD:remicked,VBG:remicking,VBN:remicked,VBZ:remicks,JJ:remiced,NN:remiced,NNS:remiced
proar	-12.88777	VB:proar,VBD:proart,VBG:proar,VBN:proart,VBZ:proar,JJ:proary,NN:proart,NNS:proarts
unery	-13.02162	VB:unery,VBD:unered,VBG:unering,VBN:unered,VBZ:uners,JJ:unery,NN:uner,NNS:uners
natin	-13.04038	VB:natin,VBD:natined,VBG:natining,VBN:natined,VBZ:natins,JJ:natiny,NN:natin,NNS:natins
trion	-13.06614	VB:trion,VBD:trioned,VBG:trioning,VBN:trioned,VBZ:trioned,JJ:trioned,NN:trion,NNS:trioned
perce	-13.13374	VB:perce,VBD:perce,VBG:perceing,VBN:perce,VBZ:perce,JJ:perce,NN:perced,NNS:perce
nolog	-13.14777	VB:nolog,VBD:nologged,VBG:nologging,VBN:nologged,VBZ:nologs,JJ:nolog,NN:nolog,NNS:nologs
ation	-13.16332	VB:ation,VBD:ated,VBG:ating,VBN:ated,VBZ:ates,JJ:atory,NN:ation,NNS:ationed
unpis	-13.18158	VB:unpis,VBD:unpis,VBG:unpis,VBN:unpis,VBZ:unpis,JJ:unpish,NN:unpish,NNS:unpish
secti	-13.19548	VB:secti,VBD:sectied,VBG:sectiing,VBN:sectied,VBZ:sectis,JJ:secti,NN:secti,NNS:sectis
tratel	-13.24809	VB:tratel,VBD:tratel,VBG:trateling,VBN:trateled,VBZ:trateles,JJ:trately,NN:trateler,NNS:tratelers
imped	-13.40919	VB:imped,VBD:imped,VBG:impending,VBN:impended,VBZ:impeds,JJ:imped,NN:imped,NNS:imped
nonde	-13.41416	VB:nonde,VBD:nonded,VBG:nonding,VBN:nonded,VBZ:nonde,JJ:nond,NN:nond,NNS:nonds
inete	-13.43363	VB:inete,VBD:inete,VBG:ineting,VBN:inete,VBZ:inete,JJ:inety,NN:inet,NNS:inets
toris	-13.44503	VB:toris,VBD:toris,VBG:toris,VBN:toris,VBZ:toris,JJ:torish,NN:torish,NNS:torish
stism	-13.47440	VB:stism,VBD:stismd,VBG:stisming,VBN:stismd,VBZ:stisms,JJ:stism,NN:stism,NNS:stisms
rably	-13.48514	VB:rably,VBD:rablyed,VBG:rablying,VBN:rablyed,VBZ:rablys,JJ:rably,NN:rably,NNS:rablys
trione	-13.70546	VB:trione,VBD:triones,VBG:trione,VBN:trione,VBZ:trione,JJ:trione,NN:trionee,NNS:trione
nogia	-13.73352	VB:nogia,VBD:nogiaed,VBG:nogiaing,VBN:nogiaed,VBZ:nogiaes,JJ:nogian,NN:nogia,NNS:nogias
aling	-13.76054	VB:aling,VBD:alinged,VBG:alinging,VBN:alinged,VBZ:alings,JJ:aling,NN:aling,NNS:alings
vater	-13.77834	VB:vater,VBD:vated,VBG:vater,VBN:vated,VBZ:vates,JJ:vater,NN:vater,NNS:vateres
atione	-13.80264	VB:atione,VBD:ationes,VBG:atione,VBN:atione,VBZ:atione,JJ:atione,NN:ationee,NNS:atione
ousne	-13.87955	VB:ousne,VBD:ousnes,VBG:ousne,VBN:ousne,VBZ:ousne,JJ:ousne,NN:ousnee,NNS:ousne
heted	-13.96561	VB:heted,VBD:heted,VBG:heting,VBN:heted,VBZ:hetes,JJ:hetty,NN:het,NNS:hets
delly	-13.97110	VB:delly,VBD:dellyed,VBG:dellying,VBN:dellyed,VBZ:dellys,JJ:delly,NN:delly,NNS:dellys
unalin	-14.05671	VB:unalin,VBD:unalined,VBG:unalining,VBN:unalined,VBZ:unalins,JJ:unaliny,NN:unalin,NNS:unalins
thoty	-14.15292	VB:thoty,VBD:thoted,VBG:thoting,VBN:thoted,VBZ:thots,JJ:thoty,NN:thot,NNS:thots
ceous	-14.24657	VB:ceous,VBD:ceous,VBG:ceous,VBN:ceous,VBZ:ceous,JJ:ceoust,NN:ceoust,NNS:ceouses
penol	-14.32813	VB:penol,VBD:penoled,VBG:penoling,VBN:penoled,VBZ:penols,JJ:penol,NN:penol,NNS:penols
micon	-14.37550	VB:micon,VBD:miconed,VBG:miconing,VBN:miconed,VBZ:miconed,JJ:miconed,NN:micon,NNS:miconed
fress	-14.38105	VB:fress,VBD:fressed,VBG:fressing,VBN:fressed,VBZ:fres,JJ:fressy,NN:fress,NNS:fres
catint	-14.41082	VB:catint,VBD:catint,VBG:catint,VBN:catint,VBZ:catint,JJ:catinty,NN:catint,NNS:catint
soric	-14.48527	VB:soric,VBD:soricked,VBG:soricking,VBN:soricked,VBZ:soricks,JJ:soriced,NN:soriced,NNS:soriced
enerk	-14.49296	VB:enerk,VBD:enerked,VBG:enerking,VBN:enerked,VBZ:enerks,JJ:enerk,NN:enerk,NNS:enerks
alism	-14.49411	VB:alism,VBD:alismd,VBG:alisming,VBN:alismd,VBZ:alisms,JJ:alism,NN:alism,NNS:alisms
ortid	-14.50508	VB:ortid,VBD:ortided,VBG:ortid,VBN:ortided,VBZ:ortides,JJ:ortid,NN:ortid,NNS:ortides
uncest	-14.50744	VB:uncest,VBD:uncested,VBG:uncesting,VBN:uncested,VBZ:uncest,JJ:uncestic,NN:uncest,NNS:uncests
tulac	-14.65991	VB:tulac,VBD:tulaced,VBG:tulacing,VBN:tulaced,VBZ:tulaces,JJ:tulacy,NN:tulacy,NNS:tulacies
unflue	-14.78575	VB:unflue,VBD:unflued,VBG:unfluing,VBN:unflued,VBZ:unflues,JJ:unflued,NN:unflued,NNS:unflued
pacia	-14.89008	VB:pacia,VBD:paciaed,VBG:paciaing,VBN:paciaed,VBZ:paciaes,JJ:pacian,NN:pacia,NNS:pacias
sious	-14.93428	VB:sious,VBD:sious,VBG:sious,VBN:sious,VBZ:sious,JJ:sioust,NN:sioust,NNS:siouses
risty	-14.98379	VB:risty,VBD:risted,VBG:risting,VBN:risted,VBZ:rists,JJ:risty,NN:rist,NNS:rists
menny	-15.00158	VB:menny,VBD:mennyed,VBG:mennying,VBN:mennyed,VBZ:mennys,JJ:menny,NN:menny,NNS:menny
inging	-15.00848	VB:inging,VBD:inginged,VBG:inginging,VBN:inginged,VBZ:ingings,JJ:inging,NN:inging,NNS:ingings
reele	-15.02747	VB:reele,VBD:reeles,VBG:reeling,VBN:reele,VBZ:reele,JJ:reely,NN:reele,NNS:reele
prust	-15.08828	VB:prust,VBD:prusted,VBG:prusting,VBN:prusted,VBZ:prust,JJ:prustic,NN:prust,NNS:prusts
logal	-15.11149	VB:logal,VBD:logal,VBG:logal,VBN:logal,VBZ:logaled,JJ:logal,NN:logal,NNS:logal
ramic	-15.12851	VB:ramic,VBD:ramicked,VBG:ramicking,VBN:ramicked,VBZ:ramicks,JJ:ramiced,NN:ramiced,NNS:ramiced
sulphy	-15.15610	VB:sulphy,VBD:sulphyed,VBG:sulphying,VBN:sulphyed,VBZ:sulphys,JJ:sulphy,NN:sulphy,NNS:sulphys
derman	-15.20554	VB:derman,VBD:derman,VBG:dermaning,VBN:dermaned,VBZ:dermans,JJ:derman,NN:derman,NNS:dermans
tedne	-15.22226	VB:tedne,VBD:tednes,VBG:tedne,VBN:tedne,VBZ:tedne,JJ:tedne,NN:tednee,NNS:tedne
tuate	-15.25261	VB:tuate,VBD:tuat,VBG:tuat,VBN:tuat,VBZ:tuat,JJ:tuat,NN:tuat,NNS:tuat
chross	-15.28868	VB:chross,VBD:chrossed,VBG:chrossing,VBN:chrossed,VBZ:chrosses,JJ:chrossy,NN:chross,NNS:chrosses
latory	-15.34349	VB:latory,VBD:lated,VBG:lating,VBN:lated,VBZ:lates,JJ:latory,NN:lator,NNS:lators
comper	-15.34745	VB:comper,VBD:compered,VBG:comper,VBN:comper,VBZ:comperes,JJ:comper,NN:comper,NNS:comperes
comess	-15.38665	VB:comess,VBD:comessed,VBG:comessing,VBN:comessed,VBZ:comes,JJ:comessy,NN:comess,NNS:comes
atent	-15.40863	VB:atent,VBD:atent,VBG:atent,VBN:atent,VBZ:atent,JJ:atenty,NN:atent,NNS:atent
distral	-15.41791	VB:distral,VBD:distral,VBG:distral,VBN:distral,VBZ:distraled,JJ:distral,NN:distral,NNS:distral
lingly	-15.43548	VB:lingly,VBD:linglyed,VBG:linglying,VBN:linglyed,VBZ:linglys,JJ:lingly,NN:lingly,NNS:linglys
arlic	-15.46183	VB:arlic,VBD:arlicked,VBG:arlicking,VBN:arlicked,VBZ:arlicks,JJ:arliced,NN:arliced,NNS:arliced
incry	-15.50019	VB:incry,VBD:incry,VBG:incry,VBN:incry,VBZ:incry,JJ:incry,NN:incry,NNS:incry
proark	-15.51616	VB:proark,VBD:proarked,VBG:proarking,VBN:proarked,VBZ:proarks,JJ:proark,NN:proark,NNS:proarks
evism	-15.54480	VB:evism,VBD:evismd,VBG:evisming,VBN:evismd,VBZ:evisms,JJ:evism,NN:evism,NNS:evisms
acion	-15.55840	VB:acion,VBD:acioned,VBG:acioning,VBN:acioned,VBZ:acioned,JJ:acioned,NN:acion,NNS:acioned
arger	-15.59703	VB:arger,VBD:argered,VBG:arger,VBN:arger,VBZ:argeres,JJ:arger,NN:arger,NNS:argeres
shness	-15.60106	VB:shness,VBD:shnessed,VBG:shnessing,VBN:shnessed,VBZ:shnes,JJ:shnessy,NN:shness,NNS:shnes
hypner	-15.63901	VB:hypner,VBD:hypnered,VBG:hypner,VBN:hypner,VBZ:hypneres,JJ:hypner,NN:hypner,NNS:hypneres
rabis	-15.64382	VB:rabis,VBD:rabis,VBG:rabis,VBN:rabis,VBZ:rabis,JJ:rabish,NN:rabish,NNS:rabish
prolly	-15.64589	VB:prolly,VBD:prollyed,VBG:prollying,VBN:prollyed,VBZ:prollys,JJ:prolly,NN:prolly,NNS:prollys
intler	-15.64732	VB:intler,VBD:intlered,VBG:intler,VBN:intler,VBZ:intleres,JJ:intler,NN:intler,NNS:intleres
dermin	-15.65875	VB:dermin,VBD:dermined,VBG:dermining,VBN:dermined,VBZ:dermins,JJ:derminy,NN:dermin,NNS:dermins
rople	-15.70463	VB:rople,VBD:roples,VBG:ropling,VBN:rople,VBZ:rople,JJ:roply,NN:roplo,NNS:roplos
riate	-15.77877	VB:riate,VBD:riat,VBG:riat,VBN:riat,VBZ:riat,JJ:riat,NN:riat,NNS:riat
psess	-15.81956	VB:psess,VBD:psessed,VBG:psessing,VBN:psessed,VBZ:pses,JJ:psessy,NN:psess,NNS:pses
deint	-15.83223	VB:deint,VBD:deint,VBG:deint,VBN:deint,VBZ:deint,JJ:deinty,NN:deint,NNS:deint
seash	-15.90495	VB:seash,VBD:seashed,VBG:seashing,VBN:seashed,VBZ:seashes,JJ:seash,NN:seash,NNS:seashes
irear	-15.93782	VB:irear,VBD:ireart,VBG:irear,VBN:ireart,VBZ:irear,JJ:ireary,NN:ireart,NNS:irearts
belity	-15.96507	VB:belity,VBD:belity,VBG:belity,VBN:belity,VBZ:belity,JJ:belity,NN:belity,NNS:belity
andect	-15.99519	VB:andect,VBD:andected,VBG:andecting,VBN:andected,VBZ:andects,JJ:andect,NN:andect,NNS:andects
lotis	-16.07579	VB:lotis,VBD:lotis,VBG:lotis,VBN:lotis,VBZ:lotis,JJ:lotish,NN:lotish,NNS:lotish
stfule	-16.08854	VB:stfule,VBD:stfules,VBG:stfuling,VBN:stfule,VBZ:stfule,JJ:stful,NN:stful,NNS:stfuls
emous	-16.09665	VB:emous,VBD:emous,VBG:emous,VBN:emous,VBZ:emous,JJ:emoust,NN:emoust,NNS:emouses
etiont	-16.11292	VB:etiont,VBD:etiont,VBG:etiont,VBN:etiont,VBZ:etiont,JJ:etionty,NN:etiont,NNS:etiont
encal	-16.11755	VB:encal,VBD:encal,VBG:encal,VBN:encal,VBZ:encaled,JJ:encal,NN:encal,NNS:encal
aphist	-16.12555	VB:aphist,VBD:aphisted,VBG:aphisting,VBN:aphisted,VBZ:aphist,JJ:aphistic,NN:aphist,NNS:aphists
ailly	-16.12718	VB:ailly,VBD:aillyed,VBG:aillying,VBN:aillyed,VBZ:aillys,JJ:ailly,NN:ailly,NNS:aillys
dolam	-16.14182	VB:dolam,VBD:dolamed,VBG:dolaming,VBN:dolamed,VBZ:dolams,JJ:dolam,NN:dolam,NNS:dolams
aciong	-16.19772	VB:aciong,VBD:acionged,VBG:acionging,VBN:acionged,VBZ:aciongs,JJ:aciong,NN:aciong,NNS:aciongs
orous	-16.22216	VB:orous,VBD:orous,VBG:orous,VBN:orous,VBZ:orous,JJ:oroust,NN:oroust,NNS:orouses
swaic	-16.24066	VB:swaic,VBD:swaicked,VBG:swaicking,VBN:swaicked,VBZ:swaicks,JJ:swaiced,NN:swaiced,NNS:swaiced
perent	-16.29733	VB:perent,VBD:perent,VBG:perent,VBN:perent,VBZ:perent,JJ:perenty,NN:perent,NNS:perent
oming	-16.31618	VB:oming,VBD:ominged,VBG:ominging,VBN:ominged,VBZ:omings,JJ:oming,NN:oming,NNS:omings
inchan	-16.40528	VB:inchan,VBD:inchan,VBG:inchaning,VBN:inchaned,VBZ:inchans,JJ:inchan,NN:inchan,NNS:inchans
eucty	-16.48577	VB:eucty,VBD:eucty,VBG:eucty,VBN:eucty,VBZ:eucty,JJ:eucty,NN:eucty,NNS:eucty
strood	-16.50098	VB:strood,VBD:strooded,VBG:strooding,VBN:strooded,VBZ:stroods,JJ:strood,NN:strood,NNS:stroods
pyell	-16.51321	VB:pyell,VBD:pyelld,VBG:pyelling,VBN:pyelld,VBZ:pyells,JJ:pyelly,NN:pyelly,NNS:pyellys
ostion	-16.58305	VB:ostion,VBD:ostioned,VBG:osting,VBN:ostioned,VBZ:ostioned,JJ:ostic,NN:ostion,NNS:ostioned
retart	-16.62378	VB:retart,VBD:retart,VBG:retart,VBN:retart,VBZ:retart,JJ:retart,NN:retart,NNS:retart
olict	-16.64218	VB:olict,VBD:olicted,VBG:olicting,VBN:olicted,VBZ:olicts,JJ:olict,NN:olict,NNS:olicts
erial	-16.65217	VB:erial,VBD:eriated,VBG:erial,VBN:eriated,VBZ:eriated,JJ:eriated,NN:eriated,NNS:eriated
eriat	-16.65217	VB:eriat,VBD:eriat,VBG:eriating,VBN:eriated,VBZ:eriats,JJ:eriaty,NN:eriat,NNS:eriats
ovesis	-16.65321	VB:ovesis,VBD:ovesis,VBG:ovesis,VBN:ovesis,VBZ:ovesis,JJ:ovesish,NN:ovesish,NNS:ovesish
mingne	-16.73833	VB:mingne,VBD:mingnes,VBG:mingne,VBN:mingne,VBZ:mingne,JJ:mingne,NN:mingnee,NNS:mingne
lepht	-16.75354	VB:lepht,VBD:lephted,VBG:lephting,VBN:lephted,VBZ:lephts,JJ:lephty,NN:lepht,NNS:lephts
iscad	-16.83751	VB:iscad,VBD:iscad,VBG:iscading,VBN:iscad,VBZ:iscads,JJ:iscad,NN:iscad,NNS:iscads
setral	-16.85638	VB:setral,VBD:setral,VBG:setral,VBN:setral,VBZ:setraled,JJ:setral,NN:setral,NNS:setral
lablent	-16.93731	VB:lablent,VBD:lablent,VBG:lablent,VBN:lablent,VBZ:lablent,JJ:lablenty,NN:lablent,NNS:lablent
tworia	-16.94600	VB:tworia,VBD:tworiaed,VBG:tworiaing,VBN:tworiaed,VBZ:tworiaes,JJ:tworian,NN:tworia,NNS:tworias
lispe	-16.95228	VB:lispe,VBD:lisped,VBG:lisping,VBN:lisped,VBZ:lispes,JJ:lispy,NN:lispe,NNS:lispes
lones	-17.01072	VB:lones,VBD:loned,VBG:loning,VBN:loned,VBZ:loneses,JJ:lony,NN:lon,NNS:lons
degra	-17.02155	VB:degra,VBD:degraed,VBG:degraing,VBN:degraed,VBZ:degraes,JJ:degra,NN:degra,NNS:degraes
ricke	-17.04179	VB:ricke,VBD:ricke,VBG:ricke,VBN:ricke,VBZ:ricke,JJ:ricke,NN:ricke,NNS:ricke
reging	-17.04360	VB:reging,VBD:reginged,VBG:reginging,VBN:reginged,VBZ:regings,JJ:reging,NN:reging,NNS:regings
eprour	-17.06274	VB:eprour,VBD:eproured,VBG:eprouring,VBN:eproured,VBZ:eproures,JJ:eprour,NN:eprour,NNS:eprours
iless	-17.06555	VB:iless,VBD:ilessed,VBG:ilessing,VBN:ilessed,VBZ:iles,JJ:ilessy,NN:iless,NNS:iles
piesm	-17.08978	VB:piesm,VBD:piesmd,VBG:piesming,VBN:piesmd,VBZ:piesms,JJ:piesm,NN:piesm,NNS:piesms
teming	-17.11816	VB:teming,VBD:teminged,VBG:teminging,VBN:teminged,VBZ:temings,JJ:teming,NN:teming,NNS:temings
orele	-17.12147	VB:orele,VBD:oreles,VBG:oreling,VBN:orele,VBZ:orele,JJ:orely,NN:orele,NNS:orele
astont	-17.12198	VB:astont,VBD:astont,VBG:astont,VBN:astont,VBZ:astont,JJ:astonty,NN:astont,NNS:astont
riack	-17.12323	VB:riack,VBD:riacked,VBG:riacking,VBN:riacked,VBZ:riacks,JJ:riacky,NN:riack,NNS:riacks
siatic	-17.12673	VB:siatic,VBD:siaticked,VBG:siaticking,VBN:siaticked,VBZ:siaticks,JJ:siaticed,NN:siaticed,NNS:siaticed
dergal	-17.14696	VB:dergal,VBD:dergal,VBG:dergal,VBN:dergal,VBZ:dergaled,JJ:dergal,NN:dergal,NNS:dergal
tailla	-17.16299	VB:tailla,VBD:tailla,VBG:taillag,VBN:taillag,VBZ:taillag,JJ:taillag,NN:taillag,NNS:taillag
ricary	-17.17300	VB:ricary,VBD:ricary,VBG:ricary,VBN:ricary,VBZ:ricary,JJ:ricary,NN:ricary,NNS:ricary
babile	-17.17599	VB:babile,VBD:babiles,VBG:babile,VBN:babile,VBZ:babile,JJ:babile,NN:babile,NNS:babile
scidia	-17.18670	VB:scidia,VBD:scidiaed,VBG:scidiaing,VBN:scidiaed,VBZ:scidiaes,JJ:scidian,NN:scidia,NNS:scidias
cretia	-17.21818	VB:cretia,VBD:cretiaed,VBG:cretiaing,VBN:cretiaed,VBZ:cretiaes,JJ:cretian,NN:cretia,NNS:cretias
crury	-17.21919	VB:crury,VBD:crury,VBG:crury,VBN:crury,VBZ:crury,JJ:crury,NN:crury,NNS:crury
icalit	-17.23984	VB:icalit,VBD:icalit,VBG:icalit,VBN:icalit,VBZ:icalit,JJ:icalit,NN:icalit,NNS:icalit
lowal	-17.26426	VB:lowal,VBD:lowal,VBG:lowal,VBN:lowal,VBZ:lowaled,JJ:lowal,NN:lowal,NNS:lowal
plecon	-17.26616	VB:plecon,VBD:pleconed,VBG:pleconing,VBN:pleconed,VBZ:pleconed,JJ:pleconed,NN:plecon,NNS:pleconed
erack	-17.28635	VB:erack,VBD:eracked,VBG:eracking,VBN:eracked,VBZ:eracks,JJ:eracky,NN:erack,NNS:eracks
raming	-17.30728	VB:raming,VBD:ramed,VBG:raminging,VBN:ramed,VBZ:rams,JJ:raming,NN:ram,NNS:rams
stingly	-17.32096	VB:stingly,VBD:stinglyed,VBG:stinglying,VBN:stinglyed,VBZ:stinglys,JJ:stingly,NN:stingly,NNS:stinglys
atous	-17.33501	VB:atous,VBD:atous,VBG:atous,VBN:atous,VBZ:atous,JJ:atoust,NN:atoust,NNS:atouses
iscum	-17.35784	VB:iscum,VBD:iscumd,VBG:iscuming,VBN:iscumd,VBZ:iscums,JJ:iscum,NN:iscum,NNS:iscums
padery	-17.37596	VB:padery,VBD:padered,VBG:padering,VBN:padered,VBZ:paders,JJ:padery,NN:pader,NNS:paders
lotta	-17.38820	VB:lotta,VBD:lottad,VBG:lottaing,VBN:lottad,VBZ:lottas,JJ:lotta,NN:lotta,NNS:lottas
precine	-17.42390	VB:precine,VBD:precines,VBG:precing,VBN:precine,VBZ:precine,JJ:preciny,NN:precinee,NNS:precine
astable	-17.43141	VB:astable,VBD:astables,VBG:astabling,VBN:astable,VBZ:astable,JJ:astably,NN:astable,NNS:astable
omante	-17.45930	VB:omante,VBD:omante,VBG:omanteing,VBN:omante,VBZ:omante,JJ:omanted,NN:omante,NNS:omante
rotion	-17.47269	VB:rotion,VBD:roted,VBG:roting,VBN:roted,VBZ:rots,JJ:rotic,NN:rot,NNS:rots
lonon	-17.49955	VB:lonon,VBD:lononed,VBG:lononing,VBN:lononed,VBZ:lononed,JJ:lononed,NN:lonon,NNS:lononed
ishing	-17.52008	VB:ishing,VBD:ishinged,VBG:ishinging,VBN:ishinged,VBZ:ishings,JJ:ishing,NN:ishing,NNS:ishings
hirry	-17.55116	VB:hirry,VBD:hirry,VBG:hirry,VBN:hirry,VBZ:hirry,JJ:hirry,NN:hirry,NNS:hirry
tisof	-17.56262	VB:tisof,VBD:tisofed,VBG:tisofing,VBN:tisofed,VBZ:tisofs,JJ:tisofy,NN:tisof,NNS:tisofs
torhy	-17.57367	VB:torhy,VBD:torhyed,VBG:torhying,VBN:torhyed,VBZ:torhys,JJ:torhy,NN:torhy,NNS:torhys
ilitid	-17.60672	VB:ilitid,VBD:ilitided,VBG:ilitid,VBN:ilitided,VBZ:ilitides,JJ:ilitid,NN:ilitid,NNS:ilitides
rialic	-17.60749	VB:rialic,VBD:rialicked,VBG:rialicking,VBN:rialicked,VBZ:rialicks,JJ:rialiced,NN:rialiced,NNS:rialiced
gumar	-17.60768	VB:gumar,VBD:gumart,VBG:gumar,VBN:gumart,VBZ:gumar,JJ:gumary,NN:gumart,NNS:gumarts
antalle	-17.61469	VB:antalle,VBD:antalles,VBG:antalling,VBN:antalle,VBZ:antalle,JJ:antally,NN:antalle,NNS:antalle
helum	-17.67253	VB:helum,VBD:helumd,VBG:heluming,VBN:helumd,VBZ:helums,JJ:helum,NN:helum,NNS:helums
bioch	-17.69254	VB:bioch,VBD:bioched,VBG:bioching,VBN:bioched,VBZ:bioches,JJ:bioch,NN:bioch,NNS:bioches
erson	-17.71898	VB:erson,VBD:ersoned,VBG:ersoning,VBN:ersoned,VBZ:ersoned,JJ:ersoned,NN:erson,NNS:ersoned
snemic	-17.75063	VB:snemic,VBD:snemicked,VBG:snemicking,VBN:snemicked,VBZ:snemicks,JJ:snemiced,NN:snemiced,NNS:snemiced
intess	-17.78018	VB:intess,VBD:intessed,VBG:intessing,VBN:intessed,VBZ:intes,JJ:intessy,NN:intess,NNS:intes
oustion	-17.79117	VB:oustion,VBD:oustioned,VBG:ousting,VBN:oustioned,VBZ:oustioned,JJ:oustic,NN:oustion,NNS:oustioned
emood	-17.87687	VB:emood,VBD:emooded,VBG:emooding,VBN:emooded,VBZ:emoods,JJ:emood,NN:emood,NNS:emoods
routic	-17.96479	VB:routic,VBD:routicked,VBG:routicking,VBN:routicked,VBZ:routicks,JJ:routiced,NN:routiced,NNS:routiced
guace	-17.96809	VB:guace,VBD:guace,VBG:guacing,VBN:guace,VBZ:guace,JJ:guace,NN:guaced,NNS:guace
emingly	-17.98476	VB:emingly,VBD:eminglyed,VBG:eminglying,VBN:eminglyed,VBZ:eminglys,JJ:emingly,NN:emingly,NNS:eminglys
atival	-18.05177	VB:atival,VBD:atival,VBG:atival,VBN:atival,VBZ:ativaled,JJ:atival,NN:atival,NNS:atival
reforia	-18.06299	VB:reforia,VBD:reforiaed,VBG:reforiaing,VBN:reforiaed,VBZ:reforiaes,JJ:reforian,NN:reforia,NNS:reforias
anird	-18.06657	VB:anird,VBD:anird,VBG:anird,VBN:anird,VBZ:anird,JJ:anird,NN:anird,NNS:anirds
opige	-18.07237	VB:opige,VBD:opigeed,VBG:opigeing,VBN:opigeed,VBZ:opigees,JJ:opige,NN:opige,NNS:opiges
ioness	-18.07805	VB:ioness,VBD:ionessed,VBG:ionessing,VBN:ionessed,VBZ:iones,JJ:ionessy,NN:ioness,NNS:iones
attle	-18.08008	VB:attle,VBD:attles,VBG:attling,VBN:attle,VBZ:attle,JJ:attle,NN:attle,NNS:attle
hetle	-18.10562	VB:hetle,VBD:hetles,VBG:hetling,VBN:hetle,VBZ:hetle,JJ:hetle,NN:hetle,NNS:hetle
thium	-18.12532	VB:thium,VBD:thiumd,VBG:thiuming,VBN:thiumd,VBZ:thiums,JJ:thium,NN:thium,NNS:thiums
fervan	-18.14287	VB:fervan,VBD:fervan,VBG:fervaning,VBN:fervaned,VBZ:fervans,JJ:fervan,NN:fervan,NNS:fervans
equadis	-18.14679	VB:equadis,VBD:equadis,VBG:equadis,VBN:equadis,VBZ:equadis,JJ:equadish,NN:equadish,NNS:equadish
herper	-18.17754	VB:herper,VBD:herpered,VBG:herper,VBN:herper,VBZ:herperes,JJ:herper,NN:herper,NNS:herperes
rotont	-18.18516	VB:rotont,VBD:rotont,VBG:rotont,VBN:rotont,VBZ:rotont,JJ:rotonty,NN:rotont,NNS:rotont
toxist	-18.21759	VB:toxist,VBD:toxisted,VBG:toxisting,VBN:toxisted,VBZ:toxist,JJ:toxistic,NN:toxist,NNS:toxists
venism	-18.21769	VB:venism,VBD:venismd,VBG:venisming,VBN:venismd,VBZ:venisms,JJ:venism,NN:venism,NNS:venisms
everce	-18.22003	VB:everce,VBD:everce,VBG:everceing,VBN:everce,VBZ:everce,JJ:everce,NN:everced,NNS:everce
cunad	-18.24380	VB:cunad,VBD:cunad,VBG:cunading,VBN:cunad,VBZ:cunads,JJ:cunad,NN:cunad,NNS:cunads
cioty	-18.25606	VB:cioty,VBD:cioted,VBG:cioting,VBN:cioted,VBZ:ciots,JJ:cioty,NN:ciot,NNS:ciots
mellum	-18.28224	VB:mellum,VBD:mellumd,VBG:melluming,VBN:mellumd,VBZ:mellums,JJ:mellum,NN:mellum,NNS:mellums
upbes	-18.31879	VB:upbes,VBD:upbesed,VBG:upbesing,VBN:upbesed,VBZ:upbeses,JJ:upbesy,NN:upbes,NNS:upbes
ially	-18.32517	VB:ially,VBD:iallyed,VBG:iallying,VBN:iallyed,VBZ:iallys,JJ:ially,NN:ially,NNS:iallys
onser	-18.33319	VB:onser,VBD:onsed,VBG:onseing,VBN:onsed,VBZ:onses,JJ:onser,NN:onser,NNS:onseres
ellous	-18.37372	VB:ellous,VBD:ellous,VBG:ellous,VBN:ellous,VBZ:ellous,JJ:elloust,NN:elloust,NNS:ellouses
clogery	-18.41385	VB:clogery,VBD:clogered,VBG:clogering,VBN:clogered,VBZ:clogers,JJ:clogery,NN:cloger,NNS:clogers
itink	-18.43110	VB:itink,VBD:itinked,VBG:itinking,VBN:itinked,VBZ:itinks,JJ:itinky,NN:itink,NNS:itinks
ambint	-18.43365	VB:ambint,VBD:ambint,VBG:ambint,VBN:ambint,VBZ:ambint,JJ:ambinty,NN:ambint,NNS:ambint
pledle	-18.45026	VB:pledle,VBD:pledles,VBG:pledling,VBN:pledle,VBZ:pledle,JJ:pledle,NN:pledle,NNS:pledle
hydroft	-18.45425	VB:hydroft,VBD:hydrofted,VBG:hydrofting,VBN:hydrofted,VBZ:hydrofts,JJ:hydroft,NN:hydroft,NNS:hydrofts
nionia	-18.47953	VB:nionia,VBD:nioniaed,VBG:nioniaing,VBN:nioniaed,VBZ:nioniaes,JJ:nionian,NN:nionia,NNS:nionias
nophyle	-18.53110	VB:nophyle,VBD:nophyles,VBG:nophyle,VBN:nophyle,VBZ:nophyle,JJ:nophyle,NN:nophyle,NNS:nophyle
permity	-18.55308	VB:permity,VBD:permity,VBG:permity,VBN:permity,VBZ:permity,JJ:permity,NN:permity,NNS:permity
chophal	-18.57247	VB:chophal,VBD:chophal,VBG:chophal,VBN:chophal,VBZ:chophaled,JJ:chophal,NN:chophal,NNS:chophal
matiorm	-18.57925	VB:matiorm,VBD:matiormed,VBG:matiorming,VBN:matiormed,VBZ:matiorms,JJ:matiorm,NN:matiorm,NNS:matiorms
nousion	-18.57996	VB:nousion,VBD:nousioned,VBG:nousioning,VBN:nousioned,VBZ:nousioned,JJ:nousioned,NN:nousion,NNS:nousioned
alloger	-18.59262	VB:alloger,VBD:allogered,VBG:alloger,VBN:alloger,VBZ:allogeres,JJ:alloger,NN:alloger,NNS:allogeres
elenic	-18.62859	VB:elenic,VBD:elenicked,VBG:elenicking,VBN:elenicked,VBZ:elenicks,JJ:eleniced,NN:eleniced,NNS:eleniced
gicalio	-18.63231	VB:gicalio,VBD:gicalioed,VBG:gicalioing,VBN:gicalioed,VBZ:gicalioes,JJ:gicalio,NN:gicalio,NNS:gicalioes
glogly	-18.63406	VB:glogly,VBD:gloglyed,VBG:gloglying,VBN:gloglyed,VBZ:gloglys,JJ:glogly,NN:glogly,NNS:gloglys
hooic	-18.64201	VB:hooic,VBD:hooicked,VBG:hooicking,VBN:hooicked,VBZ:hooicks,JJ:hooiced,NN:hooiced,NNS:hooiced
ridism	-18.65941	VB:ridism,VBD:ridismd,VBG:ridisming,VBN:ridismd,VBZ:ridisms,JJ:ridism,NN:ridism,NNS:ridisms
ditain	-18.66271	VB:ditain,VBD:ditained,VBG:ditaining,VBN:ditained,VBZ:ditains,JJ:ditainy,NN:ditain,NNS:ditains
tursot	-18.66741	VB:tursot,VBD:tursot,VBG:tursoting,VBN:tursoted,VBZ:tursots,JJ:tursotic,NN:tursot,NNS:tursots
irmant	-18.70668	VB:irmant,VBD:irmant,VBG:irmant,VBN:irmant,VBZ:irmant,JJ:irmanty,NN:irmant,NNS:irmant
scalike	-18.70843	VB:scalike,VBD:scalike,VBG:scalike,VBN:scalike,VBZ:scalike,JJ:scalike,NN:scalike,NNS:scalike
athemb	-18.71992	VB:athemb,VBD:athembed,VBG:athembing,VBN:athembed,VBZ:athembs,JJ:athemb,NN:athemb,NNS:athembs
abluty	-18.76125	VB:abluty,VBD:abluty,VBG:abluty,VBN:abluty,VBZ:abluty,JJ:abluty,NN:abluty,NNS:abluty
altric	-18.78375	VB:altric,VBD:altricked,VBG:altricking,VBN:altricked,VBZ:altricks,JJ:altriced,NN:altriced,NNS:altriced
uningne	-18.80860	VB:uningne,VBD:uningnes,VBG:uningne,VBN:uningne,VBZ:uningne,JJ:uningne,NN:uningnee,NNS:uningne
polotit	-18.87225	VB:polotit,VBD:polotit,VBG:polotit,VBN:polotit,VBZ:polotit,JJ:polotit,NN:polotit,NNS:polotit
arimic	-18.88203	VB:arimic,VBD:arimicked,VBG:arimicking,VBN:arimicked,VBZ:arimicks,JJ:arimiced,NN:arimiced,NNS:arimiced
conader	-18.88730	VB:conader,VBD:conadered,VBG:conader,VBN:conader,VBZ:conaderes,JJ:conader,NN:conader,NNS:conaderes
onable	-18.88793	VB:onable,VBD:onables,VBG:onabling,VBN:onable,VBZ:onable,JJ:onably,NN:onable,NNS:onable
aterve	-18.91395	VB:aterve,VBD:aterve,VBG:aterving,VBN:aterve,VBZ:aterve,JJ:aterve,NN:aterve,NNS:aterve
sinark	-18.94263	VB:sinark,VBD:sinarked,VBG:sinarking,VBN:sinarked,VBZ:sinarks,JJ:sinark,NN:sinark,NNS:sinarks
ropile	-18.94552	VB:ropile,VBD:ropiles,VBG:ropile,VBN:ropile,VBZ:ropile,JJ:ropile,NN:ropile,NNS:ropile
ecast	-18.99465	VB:ecast,VBD:ecasted,VBG:ecasting,VBN:ecasted,VBZ:ecast,JJ:ecastic,NN:ecast,NNS:ecasts
dedula	-19.00782	VB:dedula,VBD:dedula,VBG:dedulag,VBN:dedulag,VBZ:dedulag,JJ:dedulag,NN:dedulag,NNS:dedulag
prachon	-19.01789	VB:prachon,VBD:prachoned,VBG:prachoning,VBN:prachoned,VBZ:prachoned,JJ:prachoned,NN:prachon,NNS:prachoned
ickle	-19.03413	VB:ickle,VBD:ickles,VBG:ickling,VBN:ickle,VBZ:ickle,JJ:ickly,NN:ickle,NNS:ickle
oubic	-19.03846	VB:oubic,VBD:oubicked,VBG:oubicking,VBN:oubicked,VBZ:oubicks,JJ:oubiced,NN:oubiced,NNS:oubiced
cledne	-19.06076	VB:cledne,VBD:clednes,VBG:cledne,VBN:cledne,VBZ:cledne,JJ:cledne,NN:clednee,NNS:cledne
uncepist	-19.07101	VB:uncepist,VBD:uncepisted,VBG:uncepisting,VBN:uncepisted,VBZ:uncepist,JJ:uncepistic,NN:uncepist,NNS:uncepists
epteria	-19.16392	VB:epteria,VBD:epteriaed,VBG:epteriaing,VBN:epteriaed,VBZ:epteriaes,JJ:epterian,NN:epteria,NNS:epterias
ionity	-19.18367	VB:ionity,VBD:ionity,VBG:ionity,VBN:ionity,VBZ:ionity,JJ:ionity,NN:ionity,NNS:ionity
mindly	-19.19134	VB:mindly,VBD:mindlyed,VBG:mindlying,VBN:mindlyed,VBZ:mindlys,JJ:mindly,NN:mindly,NNS:mindlys
tationsh	-19.20613	VB:tationsh,VBD:tationshed,VBG:tationshing,VBN:tationshed,VBZ:tationshes,JJ:tationsh,NN:tationsh,NNS:tationshes
eriant	-19.24479	VB:eriant,VBD:eriant,VBG:eriant,VBN:eriant,VBZ:eriant,JJ:erianty,NN:eriant,NNS:eriant
phothip	-19.32406	VB:phothip,VBD:phothipated,VBG:phothipating,VBN:phothipated,VBZ:phothipates,JJ:phothipy,NN:phothip,NNS:phothips
fuster	-19.36011	VB:fuster,VBD:fusted,VBG:fuster,VBN:fusted,VBZ:fustes,JJ:fuster,NN:fuster,NNS:fusteres
rancal	-19.37118	VB:rancal,VBD:rancal,VBG:rancal,VBN:rancal,VBZ:rancaled,JJ:rancal,NN:rancal,NNS:rancal
spidene	-19.40367	VB:spidene,VBD:spidenes,VBG:spidene,VBN:spidene,VBZ:spidene,JJ:spidene,NN:spidenee,NNS:spidene
adcry	-19.41429	VB:adcry,VBD:adcry,VBG:adcry,VBN:adcry,VBZ:adcry,JJ:adcry,NN:adcry,NNS:adcry
atifory	-19.45252	VB:atifory,VBD:atifored,VBG:atiforing,VBN:atifored,VBZ:atifors,JJ:atifory,NN:atifor,NNS:atifors
alful	-19.48906	VB:alful,VBD:alfuled,VBG:alfuling,VBN:alfuled,VBZ:alfuls,JJ:alful,NN:alful,NNS:alfuls
propress	-19.50012	VB:propress,VBD:propressed,VBG:propressing,VBN:propressed,VBZ:propres,JJ:propressy,NN:propress,NNS:propres
pnestay	-19.50132	VB:pnestay,VBD:pnestayed,VBG:pnestaying,VBN:pnestayed,VBZ:pnestays,JJ:pnestay,NN:pnestay,NNS:pnestays
erove	-19.51344	VB:erove,VBD:erove,VBG:eroving,VBN:erove,VBZ:erove,JJ:erove,NN:erove,NNS:erove
omenan	-19.52929	VB:omenan,VBD:omenan,VBG:omenaning,VBN:omenaned,VBZ:omenans,JJ:omenan,NN:omenan,NNS:omenans
apsing	-19.56544	VB:apsing,VBD:apsinged,VBG:apsinging,VBN:apsinged,VBZ:apsings,JJ:apsing,NN:apsing,NNS:apsings
peroury	-19.58614	VB:peroury,VBD:peroury,VBG:peroury,VBN:peroury,VBZ:peroury,JJ:peroury,NN:peroury,NNS:peroury
connone	-19.59193	VB:connone,VBD:connones,VBG:connone,VBN:connone,VBZ:connone,JJ:connone,NN:connonee,NNS:connone
exseme	-19.62151	VB:exseme,VBD:exseme,VBG:exseming,VBN:exsemed,VBZ:exsemes,JJ:exsem,NN:exsemey,NNS:exsemeys
proggic	-19.62825	VB:proggic,VBD:proggicked,VBG:proggicking,VBN:proggicked,VBZ:proggicks,JJ:proggiced,NN:proggiced,NNS:proggiced
aeval	-19.66907	VB:aeval,VBD:aeval,VBG:aeval,VBN:aeval,VBZ:aevaled,JJ:aeval,NN:aeval,NNS:aeval
soest	-19.66917	VB:soest,VBD:soested,VBG:soesting,VBN:soested,VBZ:soest,JJ:soestic,NN:soest,NNS:soests
rheably	-19.70912	VB:rheably,VBD:rheablyed,VBG:rheablying,VBN:rheablyed,VBZ:rheablys,JJ:rheably,NN:rheably,NNS:rheablys
versch	-19.71718	VB:versch,VBD:versched,VBG:versching,VBN:versched,VBZ:versches,JJ:versch,NN:versch,NNS:versches
oidess	-19.73491	VB:oidess,VBD:oidessed,VBG:oidessing,VBN:oidessed,VBZ:oides,JJ:oidessy,NN:oidess,NNS:oides
eical	-19.75234	VB:eical,VBD:eical,VBG:eical,VBN:eical,VBZ:eicaled,JJ:eical,NN:eical,NNS:eical
shromen	-19.77286	VB:shromen,VBD:shromened,VBG:shromening,VBN:shromened,VBZ:shromens,JJ:shromeny,NN:shromen,NNS:shromens
pholoic	-19.80026	VB:pholoic,VBD:pholoicked,VBG:pholoicking,VBN:pholoicked,VBZ:pholoicks,JJ:pholoiced,NN:pholoiced,NNS:pholoiced
roofid	-19.81139	VB:roofid,VBD:roofided,VBG:roofid,VBN:roofided,VBZ:roofides,JJ:roofid,NN:roofid,NNS:roofides
ouslesi	-19.84281	VB:ouslesi,VBD:ouslesi,VBG:ouslesing,VBN:ouslesed,VBZ:ousleses,JJ:ouslesy,NN:ousles,NNS:ousleses
thighth	-19.85723	VB:thighth,VBD:thighthed,VBG:thighthing,VBN:thighthed,VBZ:thighths,JJ:thighth,NN:thighth,NNS:thighths
dingness	-19.89536	VB:dingness,VBD:dingnessed,VBG:dingnessing,VBN:dingnessed,VBZ:dingnes,JJ:dingnessy,NN:dingness,NNS:dingnes
alomen	-19.90331	VB:alomen,VBD:alomened,VBG:alomening,VBN:alomened,VBZ:alomens,JJ:alomeny,NN:alomen,NNS:alomens
udial	-19.91264	VB:udial,VBD:udiated,VBG:udial,VBN:udiated,VBZ:udiated,JJ:udiated,NN:udiated,NNS:udiated
ivess	-19.92732	VB:ivess,VBD:ivessed,VBG:ivessing,VBN:ivessed,VBZ:ives,JJ:ivessy,NN:ivess,NNS:ives
unmastic	-19.98695	VB:unmastic,VBD:unmasticked,VBG:unmasticking,VBN:unmasticked,VBZ:unmasticks,JJ:unmasticed,NN:unmasticed,NNS:unmasticed
ceorid	-20.00759	VB:ceorid,VBD:ceorided,VBG:ceorid,VBN:ceorided,VBZ:ceorides,JJ:ceorid,NN:ceorid,NNS:ceorides
ingnus	-20.03439	VB:ingnus,VBD:ingnus,VBG:ingnus,VBN:ingnus,VBZ:ingnus,JJ:ingnust,NN:ingnust,NNS:ingnuses
aterous	-20.09585	VB:aterous,VBD:aterous,VBG:aterous,VBN:aterous,VBZ:aterous,JJ:ateroust,NN:ateroust,NNS:aterouses
oidema	-20.10596	VB:oidema,VBD:oidemad,VBG:oidemating,VBN:oidemated,VBZ:oidemates,JJ:oidematic,NN:oidemat,NNS:oidemates
chlove	-20.10869	VB:chlove,VBD:chlove,VBG:chloving,VBN:chlove,VBZ:chlove,JJ:chlove,NN:chlove,NNS:chlove
menzine	-20.16684	VB:menzine,VBD:menzines,VBG:menzing,VBN:menzine,VBZ:menzine,JJ:menziny,NN:menzinee,NNS:menzine
endrous	-20.19546	VB:endrous,VBD:endrous,VBG:endrous,VBN:endrous,VBZ:endrous,JJ:endroust,NN:endroust,NNS:endrouses
tubilly	-20.21015	VB:tubilly,VBD:tubillyed,VBG:tubillying,VBN:tubillyed,VBZ:tubillys,JJ:tubilly,NN:tubilly,NNS:tubillys
ippet	-20.23942	VB:ippet,VBD:ippet,VBG:ippeting,VBN:ippet,VBZ:ippets,JJ:ippet,NN:ippet,NNS:ippets
hetioner	-20.27836	VB:hetioner,VBD:hetionered,VBG:hetioner,VBN:hetioner,VBZ:hetioneres,JJ:hetioner,NN:hetioner,NNS:hetioneres
utisty	-20.33475	VB:utisty,VBD:utisted,VBG:utisting,VBN:utisted,VBZ:utists,JJ:utisty,NN:utist,NNS:utists
linkly	-20.37539	VB:linkly,VBD:linklyed,VBG:linklying,VBN:linklyed,VBZ:linklys,JJ:linkly,NN:linkly,NNS:linklys
anonatic	-20.45367	VB:anonatic,VBD:anonaticked,VBG:anonaticking,VBN:anonaticked,VBZ:anonaticks,JJ:anonaticed,NN:anonaticed,NNS:anonaticed
coeptic	-20.46826	VB:coeptic,VBD:coepticked,VBG:coepticking,VBN:coepticked,VBZ:coepticks,JJ:coepticed,NN:coepticed,NNS:coepticed
atedist	-20.49588	VB:atedist,VBD:atedisted,VBG:atedisting,VBN:atedisted,VBZ:atedist,JJ:atedistic,NN:atedist,NNS:atedists
stoace	-20.50030	VB:stoace,VBD:stoace,VBG:stoacing,VBN:stoace,VBZ:stoace,JJ:stoace,NN:stoaced,NNS:stoace
lableve	-20.55399	VB:lableve,VBD:lableve,VBG:lableving,VBN:lableve,VBZ:lableve,JJ:lableve,NN:lableve,NNS:lableve
icess	-20.57442	VB:icess,VBD:icessed,VBG:icessing,VBN:icessed,VBZ:ices,JJ:icessy,NN:icess,NNS:ices
robve	-20.61515	VB:robve,VBD:robve,VBG:robveing,VBN:robve,VBZ:robve,JJ:robve,NN:robve,NNS:robve
obilard	-20.64233	VB:obilard,VBD:obilard,VBG:obilard,VBN:obilard,VBZ:obilard,JJ:obilard,NN:obilard,NNS:obilards
hoxop	-20.65922	VB:hoxop,VBD:hoxoped,VBG:hoxoping,VBN:hoxoped,VBZ:hoxopes,JJ:hoxopal,NN:hoxop,NNS:hoxops
phorpic	-20.67974	VB:phorpic,VBD:phorpicked,VBG:phorpicking,VBN:phorpicked,VBZ:phorpicks,JJ:phorpiced,NN:phorpiced,NNS:phorpiced
alidow	-20.68695	VB:alidow,VBD:alidowed,VBG:alidowing,VBN:alidowd,VBZ:alidows,JJ:alidow,NN:alidow,NNS:alidows
oryter	-20.69150	VB:oryter,VBD:oryted,VBG:oryter,VBN:oryted,VBZ:orytes,JJ:oryter,NN:oryter,NNS:oryteres
atheris	-20.71964	VB:atheris,VBD:atheris,VBG:atheris,VBN:atheris,VBZ:atheris,JJ:atherish,NN:atherish,NNS:atherish
tritioush	-20.72274	VB:tritioush,VBD:tritioushed,VBG:tritioushing,VBN:tritioushed,VBZ:tritioushes,JJ:tritioush,NN:tritioush,NNS:tritioushes
jolene	-20.80667	VB:jolene,VBD:jolenes,VBG:jolene,VBN:jolene,VBZ:jolene,JJ:jolene,NN:jolenee,NNS:jolene
amyoid	-20.81529	VB:amyoid,VBD:amyoided,VBG:amyoid,VBN:amyoided,VBZ:amyoides,JJ:amyoid,NN:amyoid,NNS:amyoides
urseum	-20.84932	VB:urseum,VBD:urseumd,VBG:urseuming,VBN:urseumd,VBZ:urseums,JJ:urseum,NN:urseum,NNS:urseums
gligic	-20.99040	VB:gligic,VBD:gligicked,VBG:gligicking,VBN:gligicked,VBZ:gligicks,JJ:gligiced,NN:gligiced,NNS:gligiced
urgily	-21.00602	VB:urgily,VBD:urgilyed,VBG:urgilying,VBN:urgilyed,VBZ:urgilys,JJ:urgily,NN:urgily,NNS:urgilys
ibret	-21.12285	VB:ibret,VBD:ibret,VBG:ibreting,VBN:ibret,VBZ:ibrets,JJ:ibret,NN:ibret,NNS:ibrets
discrous	-21.14312	VB:discrous,VBD:discrous,VBG:discrous,VBN:discrous,VBZ:discrous,JJ:discroust,NN:discroust,NNS:discrouses
tibing	-21.18095	VB:tibing,VBD:tibinged,VBG:tibinging,VBN:tibinged,VBZ:tibings,JJ:tibing,NN:tibing,NNS:tibings
horpler	-21.18514	VB:horpler,VBD:horplered,VBG:horpler,VBN:horpler,VBZ:horpleres,JJ:horpler,NN:horpler,NNS:horpleres
ytous	-21.19696	VB:ytous,VBD:ytous,VBG:ytous,VBN:ytous,VBZ:ytous,JJ:ytoust,NN:ytoust,NNS:ytouses
urerma	-21.23515	VB:urerma,VBD:urermad,VBG:urermating,VBN:urermated,VBZ:urermates,JJ:urermatic,NN:urermat,NNS:urermates
thempary	-21.25795	VB:thempary,VBD:thempary,VBG:thempary,VBN:thempary,VBZ:thempary,JJ:thempary,NN:thempary,NNS:thempary
rimess	-21.27069	VB:rimess,VBD:rimessed,VBG:rimessing,VBN:rimessed,VBZ:rimes,JJ:rimessy,NN:rimess,NNS:rimes
conitity	-21.28690	VB:conitity,VBD:conitity,VBG:conitity,VBN:conitity,VBZ:conitity,JJ:conitity,NN:conitity,NNS:conitity
hidisty	-21.30070	VB:hidisty,VBD:hidisted,VBG:hidisting,VBN:hidisted,VBZ:hidists,JJ:hidisty,NN:hidist,NNS:hidists
eposper	-21.33746	VB:eposper,VBD:epospered,VBG:eposper,VBN:eposper,VBZ:eposperes,JJ:eposper,NN:eposper,NNS:eposperes
suncente	-21.35624	VB:suncente,VBD:suncente,VBG:suncenteing,VBN:suncente,VBZ:suncente,JJ:suncented,NN:suncente,NNS:suncente
loscred	-21.45576	VB:loscred,VBD:loscred,VBG:loscring,VBN:loscred,VBZ:loscres,JJ:loscred,NN:loscred,NNS:loscred
entabul	-21.50989	VB:entabul,VBD:entabuled,VBG:entabuling,VBN:entabuled,VBZ:entabuls,JJ:entabul,NN:entabul,NNS:entabuls
ragmate	-21.52291	VB:ragmate,VBD:ragmat,VBG:ragmat,VBN:ragmat,VBZ:ragmat,JJ:ragmat,NN:ragmat,NNS:ragmat
suatock	-21.55192	VB:suatock,VBD:suatocked,VBG:suatocking,VBN:suatocked,VBZ:suatocks,JJ:suatocky,NN:suatock,NNS:suatocks
orposee	-21.55745	VB:orposee,VBD:orposee,VBG:orposee,VBN:orposee,VBZ:orposee,JJ:orposee,NN:orposee,NNS:orposee
oanick	-21.57704	VB:oanick,VBD:oanicked,VBG:oanicking,VBN:oanicked,VBZ:oanicks,JJ:oanicky,NN:oanick,NNS:oanicks
eredle	-21.59198	VB:eredle,VBD:eredles,VBG:eredling,VBN:eredle,VBZ:eredle,JJ:eredle,NN:eredle,NNS:eredle
unsibion	-21.60433	VB:unsibion,VBD:unsibioned,VBG:unsibioning,VBN:unsibioned,VBZ:unsibioned,JJ:unsibioned,NN:unsibion,NNS:unsibioned
phophous	-21.66658	VB:phophous,VBD:phophous,VBG:phophous,VBN:phophous,VBZ:phophous,JJ:phophoust,NN:phophoust,NNS:phophouses
isecin	-21.68478	VB:isecin,VBD:isecined,VBG:isecining,VBN:isecined,VBZ:isecins,JJ:iseciny,NN:isecin,NNS:isecins
horehet	-21.76379	VB:horehet,VBD:horehed,VBG:horeheting,VBN:horehed,VBZ:horehets,JJ:horehet,NN:horehet,NNS:horehets
indiable	-21.79490	VB:indiable,VBD:indiables,VBG:indiabling,VBN:indiable,VBZ:indiable,JJ:indiably,NN:indiable,NNS:indiable
trapseng	-21.80061	VB:trapseng,VBD:trapsenged,VBG:trapsenging,VBN:trapsenged,VBZ:trapsengs,JJ:trapseng,NN:trapseng,NNS:trapsengs
ammidic	-21.81203	VB:ammidic,VBD:ammidicked,VBG:ammidicking,VBN:ammidicked,VBZ:ammidicks,JJ:ammidiced,NN:ammidiced,NNS:ammidiced
nontrous	-21.88083	VB:nontrous,VBD:nontrous,VBG:nontrous,VBN:nontrous,VBZ:nontrous,JJ:nontroust,NN:nontroust,NNS:nontrouses
heccop	-21.90405	VB:heccop,VBD:heccoped,VBG:heccoping,VBN:heccoped,VBZ:heccopes,JJ:heccopal,NN:heccop,NNS:heccops
mationymb	-21.90489	VB:mationymb,VBD:mationymbed,VBG:mationymbing,VBN:mationymbed,VBZ:mationymbs,JJ:mationymb,NN:mationymb,NNS:mationymbs
skenice	-21.91515	VB:skenice,VBD:skenice,VBG:skenicing,VBN:skenice,VBZ:skenice,JJ:skenic,NN:skeniced,NNS:skenice
tinhal	-21.93313	VB:tinhal,VBD:tinhal,VBG:tinhal,VBN:tinhal,VBZ:tinhaled,JJ:tinhal,NN:tinhal,NNS:tinhal
asceles	-21.95013	VB:asceles,VBD:ascelesed,VBG:ascelesing,VBN:ascelesed,VBZ:asceleses,JJ:ascelesy,NN:asceles,NNS:asceles
cenotor	-21.97271	VB:cenotor,VBD:cenotored,VBG:cenotoring,VBN:cenotored,VBZ:cenotors,JJ:cenotory,NN:cenotor,NNS:cenotors
rakeer	-21.99860	VB:rakeer,VBD:rakeered,VBG:rakeer,VBN:rakeer,VBZ:rakeeres,JJ:rakeer,NN:rakeer,NNS:rakeeres
ctatic	-22.00769	VB:ctatic,VBD:ctaticked,VBG:ctaticking,VBN:ctaticked,VBZ:ctaticks,JJ:ctaticed,NN:ctaticed,NNS:ctaticed
horbact	-22.03785	VB:horbact,VBD:horbacted,VBG:horbacting,VBN:horbacted,VBZ:horbacts,JJ:horbacy,NN:horbact,NNS:horbacts
inagness	-22.06660	VB:inagness,VBD:inagnessed,VBG:inagnessing,VBN:inagnessed,VBZ:inagnes,JJ:inagnessy,NN:inagness,NNS:inagnes
otioct	-22.18752	VB:otioct,VBD:otiocted,VBG:otiocting,VBN:otiocted,VBZ:otiocts,JJ:otioct,NN:otioct,NNS:otiocts
mituark	-22.20824	VB:mituark,VBD:mituarked,VBG:mituarking,VBN:mituarked,VBZ:mituarks,JJ:mituark,NN:mituark,NNS:mituarks
untastion	-22.27811	VB:untastion,VBD:untastioned,VBG:untasting,VBN:untastioned,VBZ:untastioned,JJ:untastic,NN:untastion,NNS:untastioned
mementic	-22.28176	VB:mementic,VBD:mementicked,VBG:mementicking,VBN:mementicked,VBZ:mementicks,JJ:mementiced,NN:mementiced,NNS:mementiced
icarity	-22.29232	VB:icarity,VBD:icarity,VBG:icarity,VBN:icarity,VBZ:icarity,JJ:icarity,NN:icarity,NNS:icarity
bactiogy	-22.38956	VB:bactiogy,VBD:bactiogied,VBG:bactiogying,VBN:bactiogied,VBZ:bactiogies,JJ:bactiogy,NN:bactiogy,NNS:bactiogies
trendol	-22.43728	VB:trendol,VBD:trendoled,VBG:trendoling,VBN:trendoled,VBZ:trendols,JJ:trendol,NN:trendol,NNS:trendols
lophante	-22.43947	VB:lophante,VBD:lophante,VBG:lophanteing,VBN:lophante,VBZ:lophante,JJ:lophanted,NN:lophante,NNS:lophante
alitst	-22.44020	VB:alitst,VBD:alitsted,VBG:alitsting,VBN:alitsted,VBZ:alitst,JJ:alitstic,NN:alitst,NNS:alitsts
hoadve	-22.44711	VB:hoadve,VBD:hoadve,VBG:hoadveing,VBN:hoadve,VBZ:hoadve,JJ:hoadve,NN:hoadve,NNS:hoadve
ompous	-22.46431	VB:ompous,VBD:ompous,VBG:ompous,VBN:ompous,VBZ:ompous,JJ:ompoust,NN:ompoust,NNS:ompouses
ophabor	-22.53327	VB:ophabor,VBD:ophabored,VBG:ophaboring,VBN:ophabored,VBZ:ophabors,JJ:ophabory,NN:ophabor,NNS:ophabors
rhypnon	-22.53846	VB:rhypnon,VBD:rhypnoned,VBG:rhypnoning,VBN:rhypnoned,VBZ:rhypnoned,JJ:rhypnoned,NN:rhypnon,NNS:rhypnoned
rofflum	-22.59008	VB:rofflum,VBD:rofflumd,VBG:roffluming,VBN:rofflumd,VBZ:rofflums,JJ:rofflum,NN:rofflum,NNS:rofflums
iciante	-22.60319	VB:iciante,VBD:iciante,VBG:icianteing,VBN:iciante,VBZ:iciante,JJ:icianted,NN:iciante,NNS:iciante
llism	-22.62974	VB:llism,VBD:llismd,VBG:llisming,VBN:llismd,VBZ:llisms,JJ:llism,NN:llism,NNS:llisms
realighy	-22.64660	VB:realighy,VBD:realighyed,VBG:realighying,VBN:realighyed,VBZ:realighys,JJ:realighy,NN:realighy,NNS:realighys
aurpher	-22.73544	VB:aurpher,VBD:aurphered,VBG:aurpher,VBN:aurpher,VBZ:aurpheres,JJ:aurpher,NN:aurpher,NNS:aurpheres
atilion	-22.78110	VB:atilion,VBD:atilioned,VBG:atilioning,VBN:atilioned,VBZ:atilioned,JJ:atilioned,NN:atilion,NNS:atilioned
serhing	-22.83042	VB:serhing,VBD:serhinged,VBG:serhinging,VBN:serhinged,VBZ:serhings,JJ:serhing,NN:serhing,NNS:serhings
forotoly	-22.83750	VB:forotoly,VBD:forotolyed,VBG:forotolying,VBN:forotolyed,VBZ:forotolys,JJ:forotoly,NN:forotoly,NNS:forotolys
harantal	-22.84965	VB:harantal,VBD:harantal,VBG:harantal,VBN:harantal,VBZ:harantaled,JJ:harantal,NN:harantal,NNS:harantal
bintious	-22.87354	VB:bintious,VBD:bintious,VBG:bintious,VBN:bintious,VBZ:bintious,JJ:bintioust,NN:bintioust,NNS:bintiouses
shemood	-22.88490	VB:shemood,VBD:shemooded,VBG:shemooding,VBN:shemooded,VBZ:shemoods,JJ:shemood,NN:shemood,NNS:shemoods
uraffla	-22.92729	VB:uraffla,VBD:uraffla,VBG:urafflag,VBN:urafflag,VBZ:urafflag,JJ:urafflag,NN:urafflag,NNS:urafflag
iscolad	-22.94674	VB:iscolad,VBD:iscolad,VBG:iscolading,VBN:iscolad,VBZ:iscolads,JJ:iscolad,NN:iscolad,NNS:iscolads
avirric	-22.98464	VB:avirric,VBD:avirricked,VBG:avirricking,VBN:avirricked,VBZ:avirricks,JJ:avirriced,NN:avirriced,NNS:avirriced
retritte	-22.98585	VB:retritte,VBD:retritte,VBG:retritting,VBN:retritte,VBZ:retritte,JJ:retritty,NN:retritt,NNS:retritts
sancyter	-23.03263	VB:sancyter,VBD:sancyted,VBG:sancyter,VBN:sancyted,VBZ:sancytes,JJ:sancyter,NN:sancyter,NNS:sancyteres
torifism	-23.04458	VB:torifism,VBD:torifismd,VBG:torifisming,VBN:torifismd,VBZ:torifisms,JJ:torifism,NN:torifism,NNS:torifisms
rapicary	-23.04511	VB:rapicary,VBD:rapicary,VBG:rapicary,VBN:rapicary,VBZ:rapicary,JJ:rapicary,NN:rapicary,NNS:rapicary
chlection	-23.04989	VB:chlection,VBD:chlectioned,VBG:chlecting,VBN:chlectioned,VBZ:chlectioned,JJ:chlectic,NN:chlection,NNS:chlectioned
llike	-23.06888	VB:llike,VBD:llike,VBG:llike,VBN:llike,VBZ:llike,JJ:llike,NN:llike,NNS:llike
ntion	-23.09604	VB:ntion,VBD:ntioned,VBG:nting,VBN:ntioned,VBZ:ntioned,JJ:ntic,NN:ntion,NNS:ntioned
anumman	-23.11687	VB:anumman,VBD:anumman,VBG:anummaning,VBN:anummaned,VBZ:anummans,JJ:anumman,NN:anumman,NNS:anummans
eoster	-23.11758	VB:eoster,VBD:eosted,VBG:eoster,VBN:eosted,VBZ:eostes,JJ:eoster,NN:eoster,NNS:eosteres
llatic	-23.12142	VB:llatic,VBD:llaticked,VBG:llaticking,VBN:llaticked,VBZ:llaticks,JJ:llaticed,NN:llaticed,NNS:llaticed
cumative	-23.12702	VB:cumative,VBD:cumated,VBG:cumating,VBN:cumated,VBZ:cumates,JJ:cumative,NN:cumator,NNS:cumators
phinding	-23.17233	VB:phinding,VBD:phindinged,VBG:phindinging,VBN:phindinged,VBZ:phindings,JJ:phinding,NN:phinding,NNS:phindings
gurlite	-23.26602	VB:gurlite,VBD:gurlite,VBG:gurliteing,VBN:gurlite,VBZ:gurlite,JJ:gurlited,NN:gurlite,NNS:gurlite
puranity	-23.28080	VB:puranity,VBD:puranity,VBG:puranity,VBN:puranity,VBZ:puranity,JJ:puranity,NN:puranity,NNS:puranity
redaka	-23.31925	VB:redaka,VBD:redakaed,VBG:redakaing,VBN:redakaed,VBZ:redakas,JJ:redaka,NN:redaka,NNS:redakas
caligatic	-23.34504	VB:caligatic,VBD:caligaticked,VBG:caligaticking,VBN:caligaticked,VBZ:caligaticks,JJ:caligaticed,NN:caligaticed,NNS:caligaticed
pineger	-23.35054	VB:pineger,VBD:pinegered,VBG:pineger,VBN:pineger,VBZ:pinegeres,JJ:pineger,NN:pineger,NNS:pinegeres
vatmene	-23.35203	VB:vatmene,VBD:vatmenes,VBG:vatmene,VBN:vatmene,VBZ:vatmene,JJ:vatmene,NN:vatmenee,NNS:vatmene
exabarb	-23.38342	VB:exabarb,VBD:exabarb,VBG:exabarb,VBN:exabarb,VBZ:exabarb,JJ:exabarb,NN:exabarb,NNS:exabarb
pienthor	-23.39029	VB:pienthor,VBD:pienthored,VBG:pienthoring,VBN:pienthored,VBZ:pienthors,JJ:pienthory,NN:pienthor,NNS:pienthors
cophaal	-23.43330	VB:cophaal,VBD:cophaal,VBG:cophaal,VBN:cophaal,VBZ:cophaaled,JJ:cophaal,NN:cophaal,NNS:cophaal
telyphy	-23.49902	VB:telyphy,VBD:telyphyed,VBG:telyphying,VBN:telyphyed,VBZ:telyphys,JJ:telyphy,NN:telyphy,NNS:telyphys
aribess	-23.50073	VB:aribess,VBD:aribessed,VBG:aribessing,VBN:aribessed,VBZ:aribes,JJ:aribessy,NN:aribess,NNS:aribes
ubdone	-23.51223	VB:ubdone,VBD:ubdones,VBG:ubdone,VBN:ubdone,VBZ:ubdone,JJ:ubdone,NN:ubdonee,NNS:ubdone
tecural	-23.51556	VB:tecural,VBD:tecural,VBG:tecural,VBN:tecural,VBZ:tecuraled,JJ:tecural,NN:tecural,NNS:tecural
pakably	-23.53570	VB:pakably,VBD:pakablyed,VBG:pakablying,VBN:pakablyed,VBZ:pakablys,JJ:pakably,NN:pakably,NNS:pakablys
rogisar	-23.53913	VB:rogisar,VBD:rogisart,VBG:rogisar,VBN:rogisart,VBZ:rogisar,JJ:rogisary,NN:rogisart,NNS:rogisarts
hocyard	-23.54964	VB:hocyard,VBD:hocyard,VBG:hocyard,VBN:hocyard,VBZ:hocyard,JJ:hocyard,NN:hocyard,NNS:hocyards
ansubder	-23.55054	VB:ansubder,VBD:ansubdered,VBG:ansubder,VBN:ansubder,VBZ:ansubderes,JJ:ansubder,NN:ansubder,NNS:ansubderes
ioblex	-23.62849	VB:ioblex,VBD:ioblexed,VBG:ioblexing,VBN:ioblexed,VBZ:ioblexes,JJ:ioblex,NN:ioblex,NNS:ioblex
earation	-23.65348	VB:earation,VBD:earated,VBG:earating,VBN:earated,VBZ:earates,JJ:earatory,NN:earation,NNS:earationed
onesive	-23.67704	VB:onesive,VBD:onesive,VBG:onesiving,VBN:onesive,VBZ:onesive,JJ:onesive,NN:onesive,NNS:onesive
lystly	-23.67762	VB:lystly,VBD:lystlyed,VBG:lystling,VBN:lystled,VBZ:lystles,JJ:lystly,NN:lyst,NNS:lysts
sifoat	-23.67860	VB:sifoat,VBD:sifoat,VBG:sifoating,VBN:sifoated,VBZ:sifoats,JJ:sifoaty,NN:sifoat,NNS:sifoats
prophedly	-23.68444	VB:prophedly,VBD:prophedlyed,VBG:prophedlying,VBN:prophedlyed,VBZ:prophedlys,JJ:prophedly,NN:prophedly,NNS:prophedlys
curatily	-23.70263	VB:curatily,VBD:curatilyed,VBG:curatilying,VBN:curatilyed,VBZ:curatilys,JJ:curatily,NN:curatily,NNS:curatilys
uncomagol	-23.70890	VB:uncomagol,VBD:uncomagoled,VBG:uncomagoling,VBN:uncomagoled,VBZ:uncomagols,JJ:uncomagol,NN:uncomagol,NNS:uncomagols
tationnis	-23.72048	VB:tationnis,VBD:tationnis,VBG:tationnis,VBN:tationnis,VBZ:tationnis,JJ:tationnish,NN:tationnish,NNS:tationnish
actrantic	-23.72879	VB:actrantic,VBD:actranticked,VBG:actranticking,VBN:actranticked,VBZ:actranticks,JJ:actranticed,NN:actranticed,NNS:actranticed
iazint	-23.73406	VB:iazint,VBD:iazint,VBG:iazint,VBN:iazint,VBZ:iazint,JJ:iazinty,NN:iazint,NNS:iazint
umandic	-23.80660	VB:umandic,VBD:umandicked,VBG:umandicking,VBN:umandicked,VBZ:umandicks,JJ:umandiced,NN:umandiced,NNS:umandiced
tuagint	-23.81933	VB:tuagint,VBD:tuagint,VBG:tuagint,VBN:tuagint,VBZ:tuagint,JJ:tuaginty,NN:tuagint,NNS:tuagint
olimpot	-23.82636	VB:olimpot,VBD:olimpot,VBG:olimpoting,VBN:olimpoted,VBZ:olimpots,JJ:olimpotic,NN:olimpot,NNS:olimpots
unfuzzlen	-23.84266	VB:unfuzzlen,VBD:unfuzzlened,VBG:unfuzzlening,VBN:unfuzzlened,VBZ:unfuzzlens,JJ:unfuzzleny,NN:unfuzzlen,NNS:unfuzzlens
siouncon	-23.85895	VB:siouncon,VBD:siounconed,VBG:siounconing,VBN:siounconed,VBZ:siounconed,JJ:siounconed,NN:siouncon,NNS:siounconed
voltical	-23.87894	VB:voltical,VBD:voltical,VBG:voltical,VBN:voltical,VBZ:volticaled,JJ:voltical,NN:voltical,NNS:voltical
tolognim	-23.88608	VB:tolognim,VBD:tolognim,VBG:tologniming,VBN:tolognim,VBZ:tolognims,JJ:tolognim,NN:tolognim,NNS:tolognims
somatiter	-23.90499	VB:somatiter,VBD:somatited,VBG:somatiting,VBN:somatited,VBZ:somatites,JJ:somatiter,NN:somatiter,NNS:somatiteres
lyiness	-23.97515	VB:lyiness,VBD:lyinessed,VBG:lyinessing,VBN:lyinessed,VBZ:lyines,JJ:lyinessy,NN:lyiness,NNS:lyines
onicish	-23.98641	VB:onicish,VBD:onicished,VBG:onicishing,VBN:onicished,VBZ:onicishes,JJ:onicish,NN:onicish,NNS:onicishes
awkimy	-23.99740	VB:awkimy,VBD:awkimed,VBG:awkiming,VBN:awkimed,VBZ:awkimed,JJ:awkimy,NN:awkimy,NNS:awkimy
paterighth	-24.00874	VB:paterighth,VBD:paterighthed,VBG:paterighthing,VBN:paterighthed,VBZ:paterighths,JJ:paterighth,NN:paterighth,NNS:paterighths
atiumic	-24.06421	VB:atiumic,VBD:atiumicked,VBG:atiumicking,VBN:atiumicked,VBZ:atiumicks,JJ:atiumiced,NN:atiumiced,NNS:atiumiced
hurcous	-24.09636	VB:hurcous,VBD:hurcous,VBG:hurcous,VBN:hurcous,VBZ:hurcous,JJ:hurcoust,NN:hurcoust,NNS:hurcouses
restiger	-24.11109	VB:restiger,VBD:restigered,VBG:restiger,VBN:restiger,VBZ:restigeres,JJ:restiger,NN:restiger,NNS:restigeres
icaphine	-24.17643	VB:icaphine,VBD:icaphines,VBG:icaphing,VBN:icaphine,VBZ:icaphine,JJ:icaphiny,NN:icaphinee,NNS:icaphine
plammace	-24.23757	VB:plammace,VBD:plammace,VBG:plammacing,VBN:plammace,VBZ:plammace,JJ:plammace,NN:plammaced,NNS:plammace
gentalnew	-24.29125	VB:gentalnew,VBD:gentalnewed,VBG:gentalnewing,VBN:gentalnewed,VBZ:gentalnews,JJ:gentalnew,NN:gentalnew,NNS:gentalnews
amstent	-24.33891	VB:amstent,VBD:amstent,VBG:amstent,VBN:amstent,VBZ:amstent,JJ:amstenty,NN:amstent,NNS:amstent
ionasic	-24.36896	VB:ionasic,VBD:ionasicked,VBG:ionasicking,VBN:ionasicked,VBZ:ionasicks,JJ:ionasiced,NN:ionasiced,NNS:ionasiced
boxitte	-24.36999	VB:boxitte,VBD:boxitte,VBG:boxitting,VBN:boxitte,VBZ:boxitte,JJ:boxitty,NN:boxitt,NNS:boxitts
ersoide	-24.43674	VB:ersoide,VBD:ersoided,VBG:ersoiding,VBN:ersoided,VBZ:ersoide,JJ:ersoid,NN:ersoid,NNS:ersoids
ocatifid	-24.45973	VB:ocatifid,VBD:ocatifided,VBG:ocatifid,VBN:ocatifided,VBZ:ocatifides,JJ:ocatifid,NN:ocatifid,NNS:ocatifides
ablesbeg	-24.47034	VB:ablesbeg,VBD:ablesbeged,VBG:ablesbeging,VBN:ablesbeged,VBZ:ablesbeges,JJ:ablesbeg,NN:ablesbeg,NNS:ablesbeges
warighther	-24.50835	VB:warighther,VBD:warighthered,VBG:warighther,VBN:warighther,VBZ:warightheres,JJ:warighther,NN:warighther,NNS:warightheres
chetwist	-24.55304	VB:chetwist,VBD:chetwisted,VBG:chetwisting,VBN:chetwisted,VBZ:chetwist,JJ:chetwistic,NN:chetwist,NNS:chetwists
gialeck	-24.55397	VB:gialeck,VBD:gialecked,VBG:gialecking,VBN:gialecked,VBZ:gialecks,JJ:gialecky,NN:gialeck,NNS:gialecks
faugatic	-24.57695	VB:faugatic,VBD:faugaticked,VBG:faugaticking,VBN:faugaticked,VBZ:faugaticks,JJ:faugaticed,NN:faugaticed,NNS:faugaticed
proscomona	-24.61541	VB:proscomona,VBD:proscomonad,VBG:proscomonaing,VBN:proscomonad,VBZ:proscomonas,JJ:proscomona,NN:proscomona,NNS:proscomonas
ingtomid	-24.62752	VB:ingtomid,VBD:ingtomided,VBG:ingtoming,VBN:ingtomided,VBZ:ingtomides,JJ:ingtomid,NN:ingtomid,NNS:ingtomides
tabilry	-24.65185	VB:tabilry,VBD:tabilry,VBG:tabilry,VBN:tabilry,VBZ:tabilry,JJ:tabilry,NN:tabilry,NNS:tabilry
oviaggy	-24.72737	VB:oviaggy,VBD:oviaggyed,VBG:oviaggying,VBN:oviaggyed,VBZ:oviaggyes,JJ:oviaggy,NN:oviaggy,NNS:oviaggys
enextrous	-24.73425	VB:enextrous,VBD:enextrous,VBG:enextrous,VBN:enextrous,VBZ:enextrous,JJ:enextroust,NN:enextroust,NNS:enextrouses
onistly	-24.81688	VB:onistly,VBD:onistlyed,VBG:onistling,VBN:onistled,VBZ:onistles,JJ:onistly,NN:onist,NNS:onists
otrahy	-24.82394	VB:otrahy,VBD:otrahyed,VBG:otrahying,VBN:otrahyed,VBZ:otrahys,JJ:otrahy,NN:otrahy,NNS:otrahys
onsubow	-24.84348	VB:onsubow,VBD:onsubowed,VBG:onsubowing,VBN:onsubowd,VBZ:onsubows,JJ:onsubow,NN:onsubow,NNS:onsubows
toclood	-24.96707	VB:toclood,VBD:toclooded,VBG:toclooding,VBN:toclooded,VBZ:tocloods,JJ:toclood,NN:toclood,NNS:tocloods
everibra	-24.99474	VB:everibra,VBD:everibraed,VBG:everibraing,VBN:everibraed,VBZ:everibraes,JJ:everibra,NN:everibra,NNS:everibraes
comomence	-25.00500	VB:comomence,VBD:comomence,VBG:comomencing,VBN:comomence,VBZ:comomence,JJ:comomency,NN:comomenced,NNS:comomence
hecoping	-25.02505	VB:hecoping,VBD:hecopinged,VBG:hecopinging,VBN:hecopinged,VBZ:hecopings,JJ:hecoping,NN:hecoping,NNS:hecopings
eroclor	-25.02954	VB:eroclor,VBD:eroclored,VBG:erocloring,VBN:eroclored,VBZ:eroclors,JJ:eroclory,NN:eroclor,NNS:eroclors
fefecty	-25.05070	VB:fefecty,VBD:fefecty,VBG:fefecty,VBN:fefecty,VBZ:fefecty,JJ:fefecty,NN:fefecty,NNS:fefecty
plithman	-25.06358	VB:plithman,VBD:plithman,VBG:plithmaning,VBN:plithmaned,VBZ:plithmans,JJ:plithman,NN:plithman,NNS:plithmans
coriviac	-25.07644	VB:coriviac,VBD:coriviaced,VBG:coriviacing,VBN:coriviaced,VBZ:coriviaces,JJ:coriviacy,NN:coriviacy,NNS:coriviacies
rectufferm	-25.10999	VB:rectufferm,VBD:rectuffermed,VBG:rectufferming,VBN:rectuffermed,VBZ:rectufferms,JJ:rectufferm,NN:rectufferm,NNS:rectufferms
izatont	-25.11906	VB:izatont,VBD:izatont,VBG:izatont,VBN:izatont,VBZ:izatont,JJ:izatonty,NN:izatont,NNS:izatont
heriolly	-25.13539	VB:heriolly,VBD:heriollyed,VBG:heriollying,VBN:heriollyed,VBZ:heriollys,JJ:heriolly,NN:heriolly,NNS:heriollys
pernonism	-25.25718	VB:pernonism,VBD:pernonismd,VBG:pernonisming,VBN:pernonismd,VBZ:pernonisms,JJ:pernonism,NN:pernonism,NNS:pernonisms
jeciturn	-25.26010	VB:jeciturn,VBD:jeciturned,VBG:jeciturning,VBN:jeciturned,VBZ:jeciturns,JJ:jeciturny,NN:jeciturny,NNS:jeciturnys
hornilis	-25.26985	VB:hornilis,VBD:hornilis,VBG:hornilis,VBN:hornilis,VBZ:hornilis,JJ:hornilish,NN:hornilish,NNS:hornilish
ostelist	-25.27011	VB:ostelist,VBD:ostelisted,VBG:ostelisting,VBN:ostelisted,VBZ:ostelist,JJ:ostelistic,NN:ostelist,NNS:ostelists
minoughte	-25.28580	VB:minoughte,VBD:minoughte,VBG:minoughteing,VBN:minoughte,VBZ:minoughte,JJ:minoughted,NN:minoughte,NNS:minoughte
aeoical	-25.35012	VB:aeoical,VBD:aeoical,VBG:aeoical,VBN:aeoical,VBZ:aeoicaled,JJ:aeoical,NN:aeoical,NNS:aeoical
haudablea	-25.36049	VB:haudablea,VBD:haudableaed,VBG:haudableaing,VBN:haudableaed,VBZ:haudableaes,JJ:haudableaed,NN:haudablea,NNS:haudableaes
atorwin	-25.36734	VB:atorwin,VBD:atorwined,VBG:atorwining,VBN:atorwined,VBZ:atorwins,JJ:atorwiny,NN:atorwin,NNS:atorwins
losolous	-25.42673	VB:losolous,VBD:losolous,VBG:losolous,VBN:losolous,VBZ:losolous,JJ:losoloust,NN:losoloust,NNS:losolouses
ransubow	-25.43715	VB:ransubow,VBD:ransubowed,VBG:ransubowing,VBN:ransubowd,VBZ:ransubows,JJ:ransubow,NN:ransubow,NNS:ransubows
premiallor	-25.46947	VB:premiallor,VBD:premiallored,VBG:premialloring,VBN:premiallored,VBZ:premiallors,JJ:premiallory,NN:premiallor,NNS:premiallors
rablennal	-25.48520	VB:rablennal,VBD:rablennal,VBG:rablennal,VBN:rablennal,VBZ:rablennaled,JJ:rablennal,NN:rablennal,NNS:rablennal
shoractic	-25.51627	VB:shoractic,VBD:shoracticked,VBG:shoracticking,VBN:shoracticked,VBZ:shoracticks,JJ:shoracticed,NN:shoracticed,NNS:shoracticed
esquake	-25.52011	VB:esquake,VBD:esquake,VBG:esquake,VBN:esquake,VBZ:esquake,JJ:esquake,NN:esquake,NNS:esquake
abegger	-25.60448	VB:abegger,VBD:abeggered,VBG:abegger,VBN:abegger,VBZ:abeggeres,JJ:abegger,NN:abegger,NNS:abeggeres
picaucke	-25.65116	VB:picaucke,VBD:picaucke,VBG:picaucke,VBN:picaucke,VBZ:picaucke,JJ:picaucke,NN:picaucke,NNS:picaucke
cousishism	-25.68181	VB:cousishism,VBD:cousishismd,VBG:cousishisming,VBN:cousishismd,VBZ:cousishisms,JJ:cousishism,NN:cousishism,NNS:cousishisms
nexpodia	-25.71003	VB:nexpodia,VBD:nexpodiaed,VBG:nexpodiaing,VBN:nexpodiaed,VBZ:nexpodiaes,JJ:nexpodian,NN:nexpodia,NNS:nexpodias
zowner	-25.77394	VB:zowner,VBD:zownered,VBG:zowner,VBN:zowner,VBZ:zowneres,JJ:zowner,NN:zowner,NNS:zowneres
apolotion	-25.80703	VB:apolotion,VBD:apoloted,VBG:apoloting,VBN:apoloted,VBZ:apolots,JJ:apolotic,NN:apolot,NNS:apolots
tesiline	-25.85180	VB:tesiline,VBD:tesilines,VBG:tesiling,VBN:tesiline,VBZ:tesiline,JJ:tesiliny,NN:tesilinee,NNS:tesiline
amatchorm	-25.85822	VB:amatchorm,VBD:amatchormed,VBG:amatchorming,VBN:amatchormed,VBZ:amatchorms,JJ:amatchorm,NN:amatchorm,NNS:amatchorms
ranittly	-25.88370	VB:ranittly,VBD:ranittlyed,VBG:ranittling,VBN:ranittled,VBZ:ranittles,JJ:ranittly,NN:ranittly,NNS:ranittlys
parsomatic	-25.89589	VB:parsomatic,VBD:parsomaticked,VBG:parsomaticking,VBN:parsomaticked,VBZ:parsomaticks,JJ:parsomaticed,NN:parsomaticed,NNS:parsomaticed
osmagic	-25.94141	VB:osmagic,VBD:osmagicked,VBG:osmagicking,VBN:osmagicked,VBZ:osmagicks,JJ:osmagiced,NN:osmagiced,NNS:osmagiced
unifloal	-25.98153	VB:unifloal,VBD:unifloal,VBG:unifloal,VBN:unifloal,VBZ:unifloaled,JJ:unifloal,NN:unifloal,NNS:unifloal
lopdof	-25.99078	VB:lopdof,VBD:lopdofed,VBG:lopdofing,VBN:lopdofed,VBZ:lopdofs,JJ:lopdofy,NN:lopdof,NNS:lopdofs
larfity	-25.99598	VB:larfity,VBD:larfity,VBG:larfity,VBN:larfity,VBZ:larfity,JJ:larfity,NN:larfity,NNS:larfity
joyhele	-26.06512	VB:joyhele,VBD:joyheles,VBG:joyheling,VBN:joyhele,VBZ:joyhele,JJ:joyhely,NN:joyhele,NNS:joyhele
angloping	-26.06635	VB:angloping,VBD:anglopinged,VBG:anglopinging,VBN:anglopinged,VBZ:anglopings,JJ:angloping,NN:angloping,NNS:anglopings
beflerid	-26.10971	VB:beflerid,VBD:beflerided,VBG:beflerid,VBN:beflerided,VBZ:beflerides,JJ:beflerid,NN:beflerid,NNS:beflerides
aronody	-26.17529	VB:aronody,VBD:aronodyed,VBG:aronodying,VBN:aronodyed,VBZ:aronodys,JJ:aronody,NN:aronody,NNS:aronodys
serberct	-26.20241	VB:serberct,VBD:serbercted,VBG:serbercting,VBN:serbercted,VBZ:serbercts,JJ:serberct,NN:serberct,NNS:serbercts
ilinitern	-26.21223	VB:ilinitern,VBD:iliniterned,VBG:iliniterning,VBN:iliniterned,VBZ:iliniterns,JJ:iliniterny,NN:iliniterny,NNS:iliniternys
yanonard	-26.26779	VB:yanonard,VBD:yanonard,VBG:yanonard,VBN:yanonard,VBZ:yanonard,JJ:yanonard,NN:yanonard,NNS:yanonards
elutoid	-26.30417	VB:elutoid,VBD:elutoided,VBG:elutoid,VBN:elutoided,VBZ:elutoides,JJ:elutoid,NN:elutoid,NNS:elutoides
koryner	-26.31177	VB:koryner,VBD:korynered,VBG:koryner,VBN:koryner,VBZ:koryneres,JJ:koryner,NN:koryner,NNS:koryneres
undednesiona	-26.32441	VB:undednesiona,VBD:undednesionad,VBG:undednesionaing,VBN:undednesionad,VBZ:undednesionas,JJ:undednesiona,NN:undednesiona,NNS:undednesionas
zermele	-26.32772	VB:zermele,VBD:zermeles,VBG:zermeling,VBN:zermele,VBZ:zermele,JJ:zermely,NN:zermele,NNS:zermele
tileack	-26.33983	VB:tileack,VBD:tileacked,VBG:tileacking,VBN:tileacked,VBZ:tileacks,JJ:tileacky,NN:tileack,NNS:tileacks
lophalate	-26.34500	VB:lophalate,VBD:lophalat,VBG:lophalat,VBN:lophalat,VBZ:lophalat,JJ:lophalat,NN:lophalat,NNS:lophalat
urrhagod	-26.34968	VB:urrhagod,VBD:urrhagoded,VBG:urrhagoding,VBN:urrhagoded,VBZ:urrhagods,JJ:urrhagod,NN:urrhagod,NNS:urrhagods
exankfus	-26.35001	VB:exankfus,VBD:exankfus,VBG:exankfus,VBN:exankfus,VBZ:exankfus,JJ:exankfust,NN:exankfust,NNS:exankfuses
lendemate	-26.40935	VB:lendemate,VBD:lendemat,VBG:lendemat,VBN:lendemat,VBZ:lendemat,JJ:lendemat,NN:lendemat,NNS:lendemat
enduarte	-26.43102	VB:enduarte,VBD:enduarte,VBG:enduarteing,VBN:enduarte,VBZ:enduarte,JJ:enduarted,NN:enduarte,NNS:enduarte
devoiness	-26.44817	VB:devoiness,VBD:devoinessed,VBG:devoinessing,VBN:devoinessed,VBZ:devoines,JJ:devoinessy,NN:devoiness,NNS:devoines
lotoast	-26.49776	VB:lotoast,VBD:lotoasted,VBG:lotoasting,VBN:lotoasted,VBZ:lotoast,JJ:lotoastic,NN:lotoast,NNS:lotoasts
lormific	-26.50048	VB:lormific,VBD:lormificked,VBG:lormificking,VBN:lormificked,VBZ:lormificks,JJ:lormificed,NN:lormificed,NNS:lormificed
scaractiol	-26.50278	VB:scaractiol,VBD:scaractioled,VBG:scaractioling,VBN:scaractioled,VBZ:scaractiols,JJ:scaractiol,NN:scaractiol,NNS:scaractiols
ervillow	-26.51861	VB:ervillow,VBD:ervillowed,VBG:ervillowing,VBN:ervillowd,VBZ:ervillows,JJ:ervillow,NN:ervillow,NNS:ervillows
onbrant	-26.59789	VB:onbrant,VBD:onbrant,VBG:onbrant,VBN:onbrant,VBZ:onbrant,JJ:onbranty,NN:onbrant,NNS:onbrant
artionating	-26.60051	VB:artionating,VBD:artionatinged,VBG:artionatinging,VBN:artionatinged,VBZ:artionatings,JJ:artionating,NN:artionating,NNS:artionatings
anmandia	-26.62693	VB:anmandia,VBD:anmandiaed,VBG:anmandiaing,VBN:anmandiaed,VBZ:anmandiaes,JJ:anmandian,NN:anmandia,NNS:anmandias
pyrinacer	-26.63760	VB:pyrinacer,VBD:pyrinacered,VBG:pyrinacer,VBN:pyrinacer,VBZ:pyrinaceres,JJ:pyrinacer,NN:pyrinacer,NNS:pyrinaceres
dathotte	-26.64589	VB:dathotte,VBD:dathotte,VBG:dathotting,VBN:dathotte,VBZ:dathotte,JJ:dathotty,NN:dathott,NNS:dathotts
chatinatic	-26.69437	VB:chatinatic,VBD:chatinaticked,VBG:chatinaticking,VBN:chatinaticked,VBZ:chatinaticks,JJ:chatinaticed,NN:chatinaticed,NNS:chatinaticed
cononcerid	-26.70360	VB:cononcerid,VBD:cononcerided,VBG:cononcerid,VBN:cononcerided,VBZ:cononcerides,JJ:cononcerid,NN:cononcerid,NNS:cononcerides
patramble	-26.72136	VB:patramble,VBD:patrambles,VBG:patrambling,VBN:patramble,VBZ:patramble,JJ:patrambly,NN:patramble,NNS:patramble
orrevarm	-26.72178	VB:orrevarm,VBD:orrevarmed,VBG:orrevarming,VBN:orrevarmed,VBZ:orrevarms,JJ:orrevarm,NN:orrevarm,NNS:orrevarms
elateroot	-26.72746	VB:elateroot,VBD:elateroot,VBG:elaterooting,VBN:elaterooted,VBZ:elateroots,JJ:elaterootic,NN:elateroot,NNS:elateroots
askhon	-26.77321	VB:askhon,VBD:askhoned,VBG:askhoning,VBN:askhoned,VBZ:askhoned,JJ:askhoned,NN:askhon,NNS:askhoned
nulumbon	-26.81327	VB:nulumbon,VBD:nulumboned,VBG:nulumboning,VBN:nulumboned,VBZ:nulumboned,JJ:nulumboned,NN:nulumbon,NNS:nulumboned
fortionrop	-26.96197	VB:fortionrop,VBD:fortionroped,VBG:fortionroping,VBN:fortionroped,VBZ:fortionropes,JJ:fortionropal,NN:fortionrop,NNS:fortionrops
sterosemat	-26.97141	VB:sterosemat,VBD:sterosemat,VBG:sterosemating,VBN:sterosemated,VBZ:sterosemats,JJ:sterosematy,NN:sterosemat,NNS:sterosemats
digneake	-26.99610	VB:digneake,VBD:digneake,VBG:digneake,VBN:digneake,VBZ:digneake,JJ:digneake,NN:digneake,NNS:digneake
etocock	-27.02964	VB:etocock,VBD:etococked,VBG:etococking,VBN:etococked,VBZ:etococks,JJ:etococky,NN:etocock,NNS:etococks
acatishal	-27.03768	VB:acatishal,VBD:acatishal,VBG:acatishal,VBN:acatishal,VBZ:acatishaled,JJ:acatishal,NN:acatishal,NNS:acatishal
apucerd	-27.04869	VB:apucerd,VBD:apucerd,VBG:apucerd,VBN:apucerd,VBZ:apucerd,JJ:apucerd,NN:apucerd,NNS:apucerds
undefalnes	-27.06100	VB:undefalnes,VBD:undefalned,VBG:undefalnesing,VBN:undefalned,VBZ:undefalneses,JJ:undefalnesy,NN:undefalnes,NNS:undefalnes
nurniver	-27.06211	VB:nurniver,VBD:nurnived,VBG:nurniving,VBN:nurnived,VBZ:nurnives,JJ:nurniving,NN:nurnive,NNS:nurnives
orountery	-27.07362	VB:orountery,VBD:orountered,VBG:orountering,VBN:orountered,VBZ:orounters,JJ:orountery,NN:orounter,NNS:orounters
bogooke	-27.09337	VB:bogooke,VBD:bogooke,VBG:bogooke,VBN:bogooke,VBZ:bogooke,JJ:bogooke,NN:bogooke,NNS:bogooke
icticly	-27.10855	VB:icticly,VBD:icticlyed,VBG:icticlying,VBN:icticlyed,VBZ:icticlys,JJ:icticly,NN:icticly,NNS:icticlys
excitince	-27.13504	VB:excitince,VBD:excitince,VBG:excitincing,VBN:excitince,VBZ:excitince,JJ:excitincy,NN:excitinced,NNS:excitince
pandoutic	-27.15478	VB:pandoutic,VBD:pandouticked,VBG:pandouticking,VBN:pandouticked,VBZ:pandouticks,JJ:pandouticed,NN:pandouticed,NNS:pandouticed
tormenopt	-27.16501	VB:tormenopt,VBD:tormenopted,VBG:tormenopting,VBN:tormenopted,VBZ:tormenopts,JJ:tormenopt,NN:tormenopt,NNS:tormenopts
apoword	-27.22253	VB:apoword,VBD:apoword,VBG:apoword,VBN:apoword,VBZ:apoword,JJ:apoword,NN:apoword,NNS:apowords
bogricate	-27.24636	VB:bogricate,VBD:bogricat,VBG:bogricat,VBN:bogricat,VBZ:bogricat,JJ:bogricat,NN:bogricat,NNS:bogricat
chmimpel	-27.26701	VB:chmimpel,VBD:chmimpel,VBG:chmimpeling,VBN:chmimpeled,VBZ:chmimpeles,JJ:chmimpely,NN:chmimpeler,NNS:chmimpelers
krammork	-27.26762	VB:krammork,VBD:krammorked,VBG:krammorking,VBN:krammorked,VBZ:krammorks,JJ:krammork,NN:krammork,NNS:krammorks
coniteenti	-27.27276	VB:coniteenti,VBD:coniteentus,VBG:coniteentandus,VBN:coniteentus,VBZ:coniteentus,JJ:coniteentus,NN:coniteentus,NNS:coniteentus
camineral	-27.28516	VB:camineral,VBD:camineral,VBG:camineral,VBN:camineral,VBZ:camineraled,JJ:camineral,NN:camineral,NNS:camineral
amblersal	-27.28532	VB:amblersal,VBD:amblersal,VBG:amblersal,VBN:amblersal,VBZ:amblersaled,JJ:amblersal,NN:amblersal,NNS:amblersal
ditinglori	-27.31769	VB:ditinglori,VBD:ditinglori,VBG:ditinglori,VBN:ditinglori,VBZ:ditingloris,JJ:ditinglory,NN:ditinglori,NNS:ditingloris
aphicandia	-27.32228	VB:aphicandia,VBD:aphicandiaed,VBG:aphicandiaing,VBN:aphicandiaed,VBZ:aphicandiaes,JJ:aphicandian,NN:aphicandia,NNS:aphicandias
rotratious	-27.33693	VB:rotratious,VBD:rotratious,VBG:rotratious,VBN:rotratious,VBZ:rotratious,JJ:rotratioust,NN:rotratioust,NNS:rotratiouses
fencalot	-27.33904	VB:fencalot,VBD:fencalot,VBG:fencaloting,VBN:fencaloted,VBZ:fencalots,JJ:fencalotic,NN:fencalot,NNS:fencalots
iderastin	-27.36808	VB:iderastin,VBD:iderastined,VBG:iderastining,VBN:iderastined,VBZ:iderastins,JJ:iderastiny,NN:iderastin,NNS:iderastins
llistry	-27.36853	VB:llistry,VBD:llistry,VBG:llistry,VBN:llistry,VBZ:llistry,JJ:llistry,NN:llistry,NNS:llistry
potinhon	-27.44026	VB:potinhon,VBD:potinhoned,VBG:potinhoning,VBN:potinhoned,VBZ:potinhoned,JJ:potinhoned,NN:potinhon,NNS:potinhoned
inipingly	-27.44494	VB:inipingly,VBD:inipinglyed,VBG:inipinglying,VBN:inipinglyed,VBZ:inipinglys,JJ:inipingly,NN:inipingly,NNS:inipinglys
abulnessia	-27.50148	VB:abulnessia,VBD:abulnessiaed,VBG:abulnessiaing,VBN:abulnessiaed,VBZ:abulnessiaes,JJ:abulnessian,NN:abulnessia,NNS:abulnessias
iophylin	-27.57188	VB:iophylin,VBD:iophylined,VBG:iophylining,VBN:iophylined,VBZ:iophylins,JJ:iophyliny,NN:iophylin,NNS:iophylins
coutortene	-27.61302	VB:coutortene,VBD:coutortenes,VBG:coutortene,VBN:coutortene,VBZ:coutortene,JJ:coutortene,NN:coutortenee,NNS:coutortene
oxylitally	-27.63125	VB:oxylitally,VBD:oxylitallyed,VBG:oxylitallying,VBN:oxylitallyed,VBZ:oxylitallys,JJ:oxylitally,NN:oxylitally,NNS:oxylitallys
gendresth	-27.65894	VB:gendresth,VBD:gendresthed,VBG:gendresthing,VBN:gendresthed,VBZ:gendresths,JJ:gendresth,NN:gendresth,NNS:gendresths
flulcity	-27.66347	VB:flulcity,VBD:flulcity,VBG:flulcity,VBN:flulcity,VBZ:flulcity,JJ:flulcity,NN:flulcity,NNS:flulcity
protonceth	-27.68216	VB:protonceth,VBD:protoncethed,VBG:protoncething,VBN:protoncethed,VBZ:protonceths,JJ:protonceth,NN:protonceth,NNS:protonceths
lessluve	-27.76610	VB:lessluve,VBD:lessluve,VBG:lessluveing,VBN:lessluve,VBZ:lessluve,JJ:lessluve,NN:lessluve,NNS:lessluve
hydrubous	-27.79823	VB:hydrubous,VBD:hydrubous,VBG:hydrubous,VBN:hydrubous,VBZ:hydrubous,JJ:hydruboust,NN:hydruboust,NNS:hydrubouses
osiptism	-27.83885	VB:osiptism,VBD:osiptismd,VBG:osiptisming,VBN:osiptismd,VBZ:osiptisms,JJ:osiptism,NN:osiptism,NNS:osiptisms
revonous	-27.84403	VB:revonous,VBD:revonous,VBG:revonous,VBN:revonous,VBZ:revonous,JJ:revonoust,NN:revonoust,NNS:revonouses
bisjute	-27.84551	VB:bisjute,VBD:bisjute,VBG:bisjuteing,VBN:bisjute,VBZ:bisjute,JJ:bisjuted,NN:bisjute,NNS:bisjute
sisticonsh	-27.95662	VB:sisticonsh,VBD:sisticonshed,VBG:sisticonshing,VBN:sisticonshed,VBZ:sisticonshes,JJ:sisticonsh,NN:sisticonsh,NNS:sisticonshes
asmuchic	-27.95871	VB:asmuchic,VBD:asmuched,VBG:asmuching,VBN:asmuched,VBZ:asmuches,JJ:asmuchy,NN:asmuch,NNS:asmuches
atudocke	-28.08325	VB:atudocke,VBD:atudocke,VBG:atudocke,VBN:atudocke,VBZ:atudocke,JJ:atudocke,NN:atudocke,NNS:atudocke
ikaill	-28.08790	VB:ikaill,VBD:ikailld,VBG:ikailling,VBN:ikailld,VBZ:ikaills,JJ:ikailly,NN:ikailly,NNS:ikaillys
irrosemon	-28.10666	VB:irrosemon,VBD:irrosemoned,VBG:irrosemoning,VBN:irrosemoned,VBZ:irrosemoned,JJ:irrosemoned,NN:irrosemon,NNS:irrosemoned
ntemic	-28.14030	VB:ntemic,VBD:ntemicked,VBG:ntemicking,VBN:ntemicked,VBZ:ntemicks,JJ:ntemiced,NN:ntemiced,NNS:ntemiced
entettive	-28.17537	VB:entettive,VBD:entettive,VBG:entetting,VBN:entettive,VBZ:entettive,JJ:entettive,NN:entettive,NNS:entettive
tlight	-28.18332	VB:tlight,VBD:tlighted,VBG:tlighing,VBN:tlighted,VBZ:tlights,JJ:tlighty,NN:tlight,NNS:tlights
ativension	-28.21375	VB:ativension,VBD:ativensioned,VBG:ativensioning,VBN:ativensioned,VBZ:ativensioned,JJ:ativensioned,NN:ativension,NNS:ativensioned
oratiliter	-28.21749	VB:oratiliter,VBD:oratilited,VBG:oratiliting,VBN:oratilited,VBZ:oratilites,JJ:oratiliter,NN:oratiliter,NNS:oratiliteres
tlyter	-28.24348	VB:tlyter,VBD:tlyted,VBG:tlyter,VBN:tlyted,VBZ:tlytes,JJ:tlyter,NN:tlyter,NNS:tlyteres
eminesteric	-28.26564	VB:eminesteric,VBD:eminestericked,VBG:eminestericking,VBN:eminestericked,VBZ:eminestericks,JJ:eminestericed,NN:eminestericed,NNS:eminestericed
lummontan	-28.30401	VB:lummontan,VBD:lummontan,VBG:lummontaning,VBN:lummontaned,VBZ:lummontans,JJ:lummontan,NN:lummontan,NNS:lummontans
ntedly	-28.32973	VB:ntedly,VBD:ntedlyed,VBG:ntedlying,VBN:ntedlyed,VBZ:ntedlys,JJ:ntedly,NN:ntedly,NNS:ntedlys
manchortion	-28.35170	VB:manchortion,VBD:manchortioned,VBG:manchorting,VBN:manchortioned,VBZ:manchortioned,JJ:manchortic,NN:manchortion,NNS:manchortioned
alolline	-28.39411	VB:alolline,VBD:alollines,VBG:alolling,VBN:alolline,VBZ:alolline,JJ:alolliny,NN:alollinee,NNS:alolline
ersectont	-28.40992	VB:ersectont,VBD:ersectont,VBG:ersectont,VBN:ersectont,VBZ:ersectont,JJ:ersectonty,NN:ersectont,NNS:ersectont
rarmicip	-28.43913	VB:rarmicip,VBD:rarmicipated,VBG:rarmicipating,VBN:rarmicipated,VBZ:rarmicipates,JJ:rarmicipy,NN:rarmicip,NNS:rarmicips
unticoledo	-28.44266	VB:unticoledo,VBD:unticoledoed,VBG:unticoledoing,VBN:unticoledoed,VBZ:unticoledoes,JJ:unticoledo,NN:unticoledo,NNS:unticoledoes
rysatic	-28.52084	VB:rysatic,VBD:rysaticked,VBG:rysaticking,VBN:rysaticked,VBZ:rysaticks,JJ:rysaticed,NN:rysaticed,NNS:rysaticed
thoonitici	-28.52906	VB:thoonitici,VBD:thooniticied,VBG:thooniticiing,VBN:thooniticied,VBZ:thooniticies,JJ:thoonitici,NN:thoonitici,NNS:thoonitici
rangper	-28.53614	VB:rangper,VBD:rangpered,VBG:rangper,VBN:rangper,VBZ:rangperes,JJ:rangper,NN:rangper,NNS:rangperes
tersivateo	-28.58256	VB:tersivateo,VBD:tersivateoed,VBG:tersivateoing,VBN:tersivateoed,VBZ:tersivateoes,JJ:tersivateo,NN:tersivateo,NNS:tersivateoes
morrodly	-28.62263	VB:morrodly,VBD:morrodlyed,VBG:morrodlying,VBN:morrodlyed,VBZ:morrodlys,JJ:morrodly,NN:morrodly,NNS:morrodlys
subblebione	-28.64198	VB:subblebione,VBD:subblebiones,VBG:subblebione,VBN:subblebione,VBZ:subblebione,JJ:subblebione,NN:subblebionee,NNS:subblebione
placresism	-28.64608	VB:placresism,VBD:placresismd,VBG:placresisming,VBN:placresismd,VBZ:placresisms,JJ:placresism,NN:placresism,NNS:placresisms
ticatality	-28.67225	VB:ticatality,VBD:ticatality,VBG:ticatality,VBN:ticatality,VBZ:ticatality,JJ:ticatality,NN:ticatality,NNS:ticatality
ineducally	-28.70926	VB:ineducally,VBD:ineducallyed,VBG:ineducallying,VBN:ineducallyed,VBZ:ineducallys,JJ:ineducally,NN:ineducally,NNS:ineducallys
erecoter	-28.71612	VB:erecoter,VBD:erecoted,VBG:erecoter,VBN:erecoted,VBZ:erecotes,JJ:erecoter,NN:erecoter,NNS:erecoteres
unadillus	-28.73563	VB:unadillus,VBD:unadillus,VBG:unadillus,VBN:unadillus,VBZ:unadillus,JJ:unadillust,NN:unadillust,NNS:unadilluses
erashorm	-28.84536	VB:erashorm,VBD:erashormed,VBG:erashorming,VBN:erashormed,VBZ:erashorms,JJ:erashorm,NN:erashorm,NNS:erashorms
cullickerm	-28.88350	VB:cullickerm,VBD:cullickermed,VBG:cullickerming,VBN:cullickermed,VBZ:cullickerms,JJ:cullickerm,NN:cullickerm,NNS:cullickerms
crelamaty	-28.92539	VB:crelamaty,VBD:crelamaty,VBG:crelamaty,VBN:crelamaty,VBZ:crelamaty,JJ:crelamaty,NN:crelamaty,NNS:crelamaty
semelarine	-28.97226	VB:semelarine,VBD:semelarines,VBG:semelaring,VBN:semelarine,VBZ:semelarine,JJ:semelariny,NN:semelarinee,NNS:semelarine
iotleny	-28.97797	VB:iotleny,VBD:iotlenyed,VBG:iotlenying,VBN:iotlenyed,VBZ:iotlenys,JJ:iotleny,NN:iotleny,NNS:iotleny
drolision	-28.97911	VB:drolision,VBD:drolisioned,VBG:drolisioning,VBN:drolisioned,VBZ:drolisioned,JJ:drolisioned,NN:drolision,NNS:drolisioned
urotition	-29.02450	VB:urotition,VBD:urotitioned,VBG:urotiting,VBN:urotitioned,VBZ:urotitioned,JJ:urotitic,NN:urotition,NNS:urotitioned
manchantine	-29.09596	VB:manchantine,VBD:manchantines,VBG:manchanting,VBN:manchantine,VBZ:manchantine,JJ:manchantiny,NN:manchantinee,NNS:manchantine
uncitachri	-29.13467	VB:uncitachri,VBD:uncitachri,VBG:uncitachri,VBN:uncitachri,VBZ:uncitachris,JJ:uncitachri,NN:uncitachri,NNS:uncitachris
unreatiolitu	-29.18322	VB:unreatiolitu,VBD:unreatiolitu,VBG:unreatiolitu,VBN:unreatiolitu,VBZ:unreatiolitu,JJ:unreatiolitu,NN:unreatiolitu,NNS:unreatiolitu
ictinack	-29.19233	VB:ictinack,VBD:ictinacked,VBG:ictinacking,VBN:ictinacked,VBZ:ictinacks,JJ:ictinacky,NN:ictinack,NNS:ictinacks
ustiventer	-29.20423	VB:ustiventer,VBD:ustivented,VBG:ustiventer,VBN:ustivented,VBZ:ustiventes,JJ:ustiventer,NN:ustiventer,NNS:ustiventeres
mopipous	-29.20951	VB:mopipous,VBD:mopipous,VBG:mopipous,VBN:mopipous,VBZ:mopipous,JJ:mopipoust,NN:mopipoust,NNS:mopipouses
ainseiny	-29.21196	VB:ainseiny,VBD:ainseinyed,VBG:ainseinying,VBN:ainseinyed,VBZ:ainseinys,JJ:ainseiny,NN:ainseiny,NNS:ainseiny
suoteous	-29.24152	VB:suoteous,VBD:suoteous,VBG:suoteous,VBN:suoteous,VBZ:suoteous,JJ:suoteoust,NN:suoteoust,NNS:suoteouses
ubphous	-29.26062	VB:ubphous,VBD:ubphous,VBG:ubphous,VBN:ubphous,VBZ:ubphous,JJ:ubphoust,NN:ubphoust,NNS:ubphouses
calbanatic	-29.29522	VB:calbanatic,VBD:calbanaticked,VBG:calbanaticking,VBN:calbanaticked,VBZ:calbanaticks,JJ:calbanaticed,NN:calbanaticed,NNS:calbanaticed
uchrous	-29.30320	VB:uchrous,VBD:uchrous,VBG:uchrous,VBN:uchrous,VBZ:uchrous,JJ:uchroust,NN:uchroust,NNS:uchrouses
urawinic	-29.35383	VB:urawinic,VBD:urawinicked,VBG:urawinicking,VBN:urawinicked,VBZ:urawinicks,JJ:urawiniced,NN:urawiniced,NNS:urawiniced
burimbous	-29.40985	VB:burimbous,VBD:burimbous,VBG:burimbous,VBN:burimbous,VBZ:burimbous,JJ:burimboust,NN:burimboust,NNS:burimbouses
lacaroid	-29.41525	VB:lacaroid,VBD:lacaroided,VBG:lacaroid,VBN:lacaroided,VBZ:lacaroides,JJ:lacaroid,NN:lacaroid,NNS:lacaroides
entomanness	-29.42392	VB:entomanness,VBD:entomannessed,VBG:entomannessing,VBN:entomannessed,VBZ:entomannes,JJ:entomannessy,NN:entomanness,NNS:entomannes
ositagly	-29.48809	VB:ositagly,VBD:ositaglyed,VBG:ositaglying,VBN:ositaglyed,VBZ:ositaglys,JJ:ositagly,NN:ositagly,NNS:ositaglys
nodensiver	-29.48813	VB:nodensiver,VBD:nodensived,VBG:nodensiving,VBN:nodensived,VBZ:nodensives,JJ:nodensiving,NN:nodensive,NNS:nodensives
unbologionit	-29.49507	VB:unbologionit,VBD:unbologionit,VBG:unbologionit,VBN:unbologionit,VBZ:unbologionit,JJ:unbologionit,NN:unbologionit,NNS:unbologionit
cutortionop	-29.50892	VB:cutortionop,VBD:cutortionoped,VBG:cutortionoping,VBN:cutortionoped,VBZ:cutortionopes,JJ:cutortionopal,NN:cutortionop,NNS:cutortionops
alboxone	-29.56907	VB:alboxone,VBD:alboxones,VBG:alboxone,VBN:alboxone,VBZ:alboxone,JJ:alboxone,NN:alboxonee,NNS:alboxone
cospicrapt	-29.57536	VB:cospicrapt,VBD:cospicrapted,VBG:cospicrapting,VBN:cospicrapted,VBZ:cospicrapts,JJ:cospicrapt,NN:cospicrapt,NNS:cospicrapts
erigwer	-29.59896	VB:erigwer,VBD:erigwered,VBG:erigwer,VBN:erigwer,VBZ:erigweres,JJ:erigwer,NN:erigwer,NNS:erigweres
andelliena	-29.65831	VB:andelliena,VBD:andellienad,VBG:andellienaing,VBN:andellienad,VBZ:andellienas,JJ:andelliena,NN:andelliena,NNS:andellienas
inginabble	-29.67578	VB:inginabble,VBD:inginabbles,VBG:inginabbling,VBN:inginabble,VBZ:inginabble,JJ:inginabbly,NN:inginabble,NNS:inginabble
rhantlines	-29.69648	VB:rhantlines,VBD:rhantlined,VBG:rhantlinesing,VBN:rhantlined,VBZ:rhantlineses,JJ:rhantlinesy,NN:rhantlines,NNS:rhantlines
hiplartate	-29.69998	VB:hiplartate,VBD:hiplartat,VBG:hiplartat,VBN:hiplartat,VBZ:hiplartat,JJ:hiplartat,NN:hiplartat,NNS:hiplartat
undaterienti	-29.70493	VB:undaterienti,VBD:undaterientus,VBG:undaterientandus,VBN:undaterientus,VBZ:undaterientus,JJ:undaterientus,NN:undaterientus,NNS:undaterientus
prohmoness	-29.71240	VB:prohmoness,VBD:prohmonessed,VBG:prohmonessing,VBN:prohmonessed,VBZ:prohmones,JJ:prohmonessy,NN:prohmoness,NNS:prohmones
entionicalne	-29.72543	VB:entionicalne,VBD:entionicalnes,VBG:entionicalne,VBN:entionicalne,VBZ:entionicalne,JJ:entionicalne,NN:entionicalnee,NNS:entionicalne
randaeouss	-29.80413	VB:randaeouss,VBD:randaeoussed,VBG:randaeoussing,VBN:randaeoussed,VBZ:randaeousses,JJ:randaeoussy,NN:randaeouss,NNS:randaeousses
oceoucker	-29.81787	VB:oceoucker,VBD:oceoucked,VBG:oceoucking,VBN:oceoucked,VBZ:oceoucks,JJ:oceouck,NN:oceouck,NNS:oceoucks
oscoryped	-29.84578	VB:oscoryped,VBD:oscoryped,VBG:oscorypending,VBN:oscorypended,VBZ:oscorypeds,JJ:oscoryped,NN:oscoryped,NNS:oscoryped
nedematern	-29.84917	VB:nedematern,VBD:nedematerned,VBG:nedematerning,VBN:nedematerned,VBZ:nedematerns,JJ:nedematerny,NN:nedematerny,NNS:nedematernys
ogathene	-29.91153	VB:ogathene,VBD:ogathenes,VBG:ogathene,VBN:ogathene,VBZ:ogathene,JJ:ogathene,NN:ogathenee,NNS:ogathene
unrepultedd	-29.92107	VB:unrepultedd,VBD:unrepultedd,VBG:unrepultedd,VBN:unrepultedd,VBZ:unrepultedd,JJ:unrepultedd,NN:unrepultedd,NNS:unrepultedd
getescal	-29.92936	VB:getescal,VBD:getescal,VBG:getescal,VBN:getescal,VBZ:getescaled,JJ:getescal,NN:getescal,NNS:getescal
dellyrism	-29.95318	VB:dellyrism,VBD:dellyrismd,VBG:dellyrisming,VBN:dellyrismd,VBZ:dellyrisms,JJ:dellyrism,NN:dellyrism,NNS:dellyrisms
doconartic	-29.96257	VB:doconartic,VBD:doconarticked,VBG:doconarticking,VBN:doconarticked,VBZ:doconarticks,JJ:doconarticed,NN:doconarticed,NNS:doconarticed
poeckness	-29.96773	VB:poeckness,VBD:poecknessed,VBG:poecknessing,VBN:poecknessed,VBZ:poecknes,JJ:poecknessy,NN:poeckness,NNS:poecknes
forbuthemi	-29.97599	VB:forbuthemi,VBD:forbuthemt,VBG:forbuthemiing,VBN:forbuthemt,VBZ:forbuthems,JJ:forbuthem,NN:forbuthem,NNS:forbuthems
bleograppet	-29.98654	VB:bleograppet,VBD:bleograppet,VBG:bleograppeting,VBN:bleograppet,VBZ:bleograppets,JJ:bleograppet,NN:bleograppet,NNS:bleograppets
